MonkeyKing,0.0062059439835127628,0.0075030177742825459,0.0060133699605452451,0.0068327228349288494,0.004335264719287038,0.0058673807003775799,0.0059868147890994152,0.0066084311921571146,0.0069052827308403453,0.0058649693753570304,0.0068970869679304226,0.0075688048360554724,0.0083129668440039758,0.0073199440641346786,0.0072324824152204181,0.0086467115788891862,0.0078645233524606232,0.0069644331301404452
Jax,0.006066695998436975,0.0098545400318170925,0.0081351257863920019,0.0066082903330516246,0.0053543951587783876,0.0045474373910709878,0.0046199268501451035,0.0046463159642229201,0.0042435173432134633,0.0047544697680075368,0.005040889243773234,0.0050039690866623176,0.005285195652753121,0.0056330516682974738,0.0062033544826198845,0.0064866650246515074,0.007182219148073295,0.0082025929502026074
Shaco,0.0015651675302333773,0.0037738392971837799,0.01053366340584325,0.012364553599862349,0.011341948125792804,0.0097747155650490299,0.0085396531164724475,0.0093155318339969602,0.0081280627087544598,0.0077628635727238528,0.0074906837434265492,0.0068993402476152724,0.0070446029691212638,0.0065994310040445973,0.005973442923209127,0.0058645936785784265,0.0063323972976050301,0.0075359367497113122
Warwick,0.0052852162634154931,0.0058721635723773206,0.014013995787788688,0.011279978515288121,0.0083113728298628096,0.009999200050727507,0.0099762859457686662,0.0084754422112729884,0.0079102677112904123,0.007804339975697544,0.0080355646327481007,0.0077988441336729044,0.0073509268121260971,0.0074870569361388467,0.0079543013123916251,0.0080164929601272365,0.0068454838478725138,0.0074713276230169556
Nidalee,0.0077657266959464503,0.0041076013082469278,0.012047542031133025,0.012232777978662941,0.0086314729996615804,0.0070857439059204656,0.0067091621333440358,0.0084107306081999643,0.007165344910358605,0.0072121377795516771,0.0074223429085261009,0.0058610534927942166,0.0069304122499876568,0.0072714978808930278,0.0086022707514364066,0.0076061500487117515,0.0077425734650332263,0.0099155780569084532
Zyra,0.0059229836318688261,0.010685237922136053,0.010074122445792144,0.010925929518522321,0.013105239868422816,0.013502076727653191,0.013279981137464432,0.01213801227772858,0.011649914551766255,0.0099668762322894667,0.0087060163184096082,0.0081483136277774541,0.0077524770804352754,0.0072255047942360127,0.0074001401300872278,0.0067855299824501041,0.0072457238309134473,0.0072467750137947878
Kled,0.0079725995700601904,0.0098239470477884411,0.0056835495593463735,0.0055766218242959426,0.0048895451400178007,0.0056699600317033942,0.0065246468582162527,0.0066501767503895394,0.0067862261320327522,0.0066296444503135274,0.007216762148024687,0.0077130277345520424,0.0074558562687450638,0.0077003032282461879,0.0074611167743417941,0.008166188502993374,0.0081882244361388707,0.0079510070684268835
Brand,0.0047970269710395945,0.0095418812999028008,0.010943642441674565,0.0088091302665198393,0.013596603714449035,0.011679190312827353,0.012761475113947214,0.010651399833085235,0.010723912900002373,0.010138460992695126,0.0091433820329574617,0.0082313130924442385,0.0082866158396504297,0.0088594357965042624,0.0060968033582849803,0.0082737566171283122,0.0052050914050643538,0.008234971606584986
Rammus,0.0043948708365732399,0.0019326511047748334,0.011437163897526746,0.0077779611717767134,0.0078275612987127076,0.0076144665199392352,0.0071861590424920838,0.0074988303422582839,0.0077017127408508749,0.0072994898527376471,0.0079596011707194891,0.0075787262580919203,0.0078649249395553664,0.007218028381014048,0.0077610595614308227,0.0088176134637283406,0.0078076371075965325,0.0047056980609057062
Illaoi,0.00029125368875691662,0.0027780160746552459,0.0019735323573177943,0.0037134363233308964,0.0025864985160963731,0.0035532274427752426,0.0031322661945720628,0.0033550496821720737,0.0032053023797055068,0.0043055033394282698,0.0035347239247409666,0.0039617560364515938,0.0047444404253282786,0.00495103154433607,0.0054777161898882515,0.0054617736761628797,0.0068206813701628321,0.0069201442072142749
Corki,0.0065021979740462294,0.0033737366024656334,0.0039976048936799539,0.0037123173971317759,0.0040827890101541604,0.0041448529804005542,0.0056577959845670271,0.0063742790719086909,0.0064221511679652633,0.0067507556941988839,0.0076735136281872373,0.0076192097082492588,0.0076263957604833189,0.0074525535785598873,0.0072986888514708567,0.0078759543139706144,0.0075773233286113824,0.0088603215016442478
Braum,0.016168451196309323,0.0092571955409550839,0.0081760626231737205,0.010737135883459622,0.013357302108073578,0.011985074772980973,0.014575049361012386,0.012353772930367785,0.013053012732971639,0.011677450813651366,0.010965012751117253,0.010719558361821003,0.010913173505672339,0.0096759428761591087,0.0094141816561753369,0.0080508644668823987,0.011537952614559319,0.0011764245152264265
Anivia,0.0078923418051194908,0.0038816632771033169,0.0038551467692262667,0.0035010645931040385,0.0034156631121655453,0.0039924050495682159,0.0051130186199484593,0.0056185042524412717,0.0054597400042416481,0.0056286993130549743,0.00672445411654609,0.0072190592325039474,0.0074776943889323794,0.0068765637289184035,0.0076662350919541253,0.0077061495817457772,0.0075808357391841412,0.0081929564453268999
Tryndamere,0.005122366462581962,0.0047898729541178747,0.0059440915047785951,0.0089832610977152207,0.0043583861311232361,0.004113562372840736,0.0060271011324127145,0.0050884920179609782,0.0058332667177473027,0.0047234868489032227,0.0060867538364325511,0.0054158468690172455,0.0049164610723284848,0.0056845426001305632,0.0048581826324460382,0.005228976765375609,0.0078304664558643579,0.0043135565558302304
MissFortune,0.0091915704571510232,0.012331176033851624,0.0087130739102884887,0.010310218561169439,0.011952054725497966,0.010732759598608513,0.011425886368154286,0.010493823235613015,0.010707804713164461,0.0095520217282172339,0.0090772197081941328,0.0084436474431074573,0.0081712676732526111,0.0082332327100903303,0.0077754987420102289,0.0079240994051548563,0.0083517461587556512,0.008234971606584986
Yorick,0.0023845499049950513,0.0021729036623541033,0.006386707729209345,0.0052291246185679971,0.0044089937111116478,0.0047811454978295437,0.0033805855710648241,0.0050010421014331854,0.0041761391581740014,0.0045182815613263186,0.0048975455889298742,0.004244636634781496,0.005675076302306052,0.0065528992662968319,0.0071067841914264794,0.007847901497129061,0.0055802331279518761,0.0068624763388208214
Xerath,0.0075165160048757057,0.0013631258999861145,0.0042421723568513339,0.0049964285730417207,0.0051661904571503872,0.0045089230997975493,0.004180408655701612,0.0062318576333327772,0.0066749765233109042,0.0071791147564125388,0.0083610433590107485,0.0081409430244739987,0.0076460074232249289,0.0079975435848825896,0.0087205051130887327,0.008339472235358119,0.008811233162821357,0.0086271131116604609
Sivir,0.010523122406825987,0.012224744477063803,0.0071160389535041219,0.007963907923755521,0.0086647336301258326,0.0070644838768304553,0.007769632503829311,0.0067438948786445463,0.006237270601129127,0.0067859814436566608,0.0069834764205542136,0.00689416933334225,0.0073402922576099126,0.0075305820520863318,0.0075258010483465268,0.0075482635828908887,0.0084906581516999979,0.0085064541870218547
Riven,0.0054073238462242568,0.0070889885296720676,0.0062650973075338914,0.0046852956582369249,0.0054042341021249378,0.0048529649499665191,0.0044761021747617702,0.0045911206177091535,0.0052984396391542845,0.005495202612069189,0.0055237027036395946,0.0060818308883905546,0.0056751742007742382,0.0056281856014511458,0.0062593847811725795,0.0071325488078692349,0.0063986526332949949,0.0085858350584946223
Orianna,0.0057406168906403441,0.0031087829196850244,0.0039311123745648909,0.0036793617741667146,0.0032779240801123397,0.0036604321276739048,0.0040276166928791086,0.0048149672013203179,0.0060297910178349345,0.0063571305242895145,0.0071584298259903039,0.0078300000185557699,0.0081736165327461058,0.0081563305757003379,0.0084922562551418938,0.0088471038097608784,0.0087787362503324185,0.0097574033321721279
Gangplank,0.0044673477572541422,0.0054220337268859444,0.0027418967720356708,0.0034308991256238475,0.0034334530242080743,0.0063033704469273475,0.0047170662385794676,0.0054281696809762034,0.0048463649799497469,0.005307874392144963,0.005248597728888256,0.006174880262327086,0.0066414308987124164,0.006838423903908146,0.0071168844973099098,0.0078261276919447953,0.0075422795065540355,0.010189032665774643
Malphite,0.0021637582471251394,0.0054760508803664825,0.0031424707535752574,0.0035545956944716558,0.0032640023948300096,0.0049223861253581353,0.0059571399792817982,0.0050760354891532409,0.0052796572657857962,0.0060394055541742007,0.005697457533161302,0.006738351906609253,0.0068427358069840672,0.0070351449159440083,0.0071642514490390932,0.0062663802907697193,0.0082808272353296544,0.0076467593489717729
Poppy,0.0067562247308193121,0.0085033320495787566,0.0043306134059871038,0.0045664596739999827,0.0044744822496729586,0.0035907365484479058,0.0043917309577203552,0.0052054254890927729,0.0054279876782376869,0.005743794871968121,0.0057510359898077113,0.0062706875644080902,0.0062825708138681902,0.006615337931331536,0.0066163171772875909,0.0070368926626422044,0.0069834976351280083,0.0078268243257921446
Karthus,0.014888938569886842,0.0068508448084339812,0.0059077541281964338,0.0061449651753955302,0.0064067168385503349,0.0090744365965656111,0.0061068642574074244,0.006387981374584125,0.006631993719941099,0.0065030330570946693,0.0073329046841294088,0.0076996995001122658,0.0077955172645646524,0.0077596160290258854,0.0078251760460365024,0.009260458798471774,0.0080804846409265173,0.011051260597581583
Jayce,0.008991803390161349,0.0051730057247470866,0.0055357203166808231,0.0056648112408812139,0.0063463436323400397,0.0038857216382165698,0.004959114625252452,0.0055569933141661372,0.0058495285056823039,0.014345671294592287,0.014051313550003015,0.0063986683573390973,0.0052331571809174811,0.0047103372939957854,0.0078030812597601716,0.0,0.0,0.0
Blitzcrank,0.013681091819983384,0.017852218267171725,0.011305124772645626,0.013072355578359713,0.014997501480949851,0.014861137872106833,0.014008761432958594,0.012906439476458581,0.012253295370501301,0.01063559113980833,0.0099301014511716888,0.0097721477243454483,0.0095137183053690191,0.0091858492271772747,0.0088533367915521258,0.0078364877065397569,0.0074149723173899222,0.004607662684636837
Trundle,0.011692358229806655,0.0098301256308373653,0.0083740660193107243,0.0087849293591942337,0.0098290389978772236,0.0084105676442208024,0.0089954242409327513,0.0088521274741892204,0.0091328650748851992,0.0079382613813664474,0.0067458418010200357,0.0081446077148189504,0.0076810639983244059,0.0071974687033293013,0.0063587016449605351,0.0052577074069436068,0.0083498341289574025,0.010678314830516795
Sejuani,0.0,0.0081282692554727563,0.0139665366825567,0.012614257541407107,0.0072254411988117309,0.013411155886577326,0.0058250089839886202,0.010506602952065179,0.005742191342489252,0.0069762267306878361,0.011307315780757395,0.0090486439888752823,0.0054948682573083066,0.0095381089320542775,0.0069037332145285811,0.0092009879621513125,0.012145213278483493,0.0
Graves,0.0062786496034032881,0.0062789218908079741,0.0088794411199851157,0.011830866811430713,0.00888781293078739,0.0085239251879909318,0.0078315458063184587,0.0077650337532535725,0.0068896747011186173,0.0066325472595594338,0.0064318712685975232,0.0066169241128119123,0.0065418604768738503,0.0063960828057198094,0.0064526370101701796,0.0068856043338268733,0.0068857293135716731,0.0090837012707734102
Morgana,0.015186309983184171,0.012882345657005597,0.0078924555256602216,0.0089864528024382832,0.011540977751003037,0.012678274304135279,0.013515243941852861,0.012623513626349852,0.012899765125613279,0.010926307491144267,0.010485556877419512,0.010010457895385103,0.0097030860247891391,0.0090265194529713655,0.0084969024178813309,0.0084498869040165129,0.0070387031500302073,0.007730789671487946
Nocturne,0.0074185997044290486,0.0018919247404979693,0.0073043381500727559,0.007068333967167776,0.0058301835880067068,0.0085168547440620385,0.0065280273096424198,0.0063330457932517436,0.0075220819776748585,0.0069057597940142225,0.0062004624245856864,0.0064780064920357131,0.0052713237481527191,0.006613688740622542,0.0057666477439003438,0.0059392620708066677,0.0062207189962964239,0.0067448338872981789
Lux,0.005469645544790909,0.0055795746584177399,0.0040390513923071808,0.0064273918192974773,0.0052537530072715799,0.0057253133710706179,0.0063371654942333822,0.0047998079185141151,0.0066340685954400904,0.0077151417115083549,0.0080847713694431889,0.008885541471834426,0.0077299603573090046,0.0090489751406668782,0.0092049776193714409,0.0091452243987443348,0.0085016492949384452,0.0074506885964340346
Shyvana,0.010175511756750653,0.00099756031771711107,0.0074276581448142441,0.006770037304333172,0.0076536154920746474,0.0048881783137992123,0.007858266836890308,0.0069733058438789979,0.005666169391794337,0.0052850202505210879,0.0060048167655574972,0.0061397973177527241,0.0069649865191320198,0.0065766799491180708,0.0055817417479167245,0.0065173664731905129,0.0044532448687772805,0.013528881925103906
Renekton,0.0050071231519420271,0.0050304323713939786,0.0058203002750607672,0.0052534614249688796,0.0049110242856805399,0.0046441552053952655,0.0043399770493353952,0.0047186517459788524,0.00500266669989594,0.0050672238313663352,0.0053771165467905646,0.005969345426208284,0.0060051060240583634,0.0058093475558569745,0.0064395166707930385,0.0065839180364864322,0.0060981217931881408,0.0073681324901023566
Fiora,0.0073027836964395382,0.0087003537046513903,0.005123549794849574,0.0050963281880923956,0.0043214140332829259,0.003374256188575698,0.0043551349689555374,0.0046670069089109582,0.0046502736624181272,0.00470311444721356,0.0049044922235249736,0.0052316367965983468,0.0055423097915094071,0.0053722971904823606,0.0058566597691532577,0.0062367660907468921,0.006261838007603388,0.0074281517283262492
Jinx,0.0073954165803527079,0.012243418125398295,0.0075652073697182118,0.0091294363928881277,0.0093272034774001637,0.0084103058570402182,0.0078410404621350356,0.0078035857625717358,0.0073542362488108245,0.0080993344396530619,0.0080093486780364858,0.0070556065221897895,0.0077648379121804363,0.0080564609426089524,0.0083353829594769047,0.0075605017363413888,0.0069685649958511845,0.0081042577715598283
Kalista,0.007139581573952735,0.016484348747926252,0.0094908965183737558,0.0096187305512210226,0.011065812685303445,0.0097024201405460971,0.0092027051656764659,0.0096640923379844798,0.0078302609215762514,0.0078212851233227035,0.008205308796655807,0.0074428159695729464,0.0075088428324426928,0.0081813951615465584,0.0070734971460333813,0.0066844784340415516,0.007464245660734648,0.007581402431459194
Fizz,0.0050248819797300559,0.0025342178972028225,0.0059297232331432916,0.0058837335522998425,0.0044791045209300493,0.0053221644382062507,0.0060376626414064289,0.0066413122474700105,0.0069998361555592076,0.0073898255791490135,0.0069372877969481944,0.0070240453534333594,0.0072274431903531049,0.0070350958737977988,0.0069611049586936376,0.007276354852659473,0.0067203513474275332,0.0082143325800020667
Kassadin,0.0028752906087134598,0.0033391578316029217,0.0036829565909481704,0.0050270349821463839,0.0039403147554536852,0.005088161088630817,0.0055836065664605673,0.0065672986227230936,0.0070099478726492175,0.0074679892448870537,0.0083090620124947317,0.0086258561622674125,0.0091167498569155112,0.0089987515817297799,0.0075647289478345085,0.009617493590067628,0.0069533663808111603,0.0076057212844871302
Sona,0.0084626508866083115,0.0088867169148742643,0.0064384743572069893,0.007268854079711542,0.0090599858436164107,0.012159933915275275,0.012858982096729595,0.014155955237936555,0.012987432769924751,0.01287482494200113,0.011527153703798323,0.011336511361062498,0.011048821119533907,0.010554464801863341,0.008158957435351959,0.011185514777517282,0.010121011065402911,0.0023528490304528531
Vladimir,0.0052447939592975929,0.005675774221493908,0.0028861484763086816,0.003184181515306648,0.0034422959629426641,0.0033691920488050178,0.0036665323347833505,0.0046278495826508267,0.004808054951845068,0.006440707251361177,0.0063217698842124017,0.0074613658499816668,0.0074816701596035788,0.0075991335003650438,0.0071786606434257362,0.0087573344545423398,0.0095689559163809335,0.009220624578801722
Viktor,0.006779602671064363,0.002460695387781521,0.0033859759937655051,0.0033584569866599427,0.0038290236161855795,0.0029026460078587497,0.0025214446735947857,0.0031290873316890352,0.005402626629385298,0.0033156633161908295,0.0027947169468446843,0.0035476153993323697,0.0061669631976853205,0.014388763189325228,0.0089087778444906767,0.0090917125706768322,0.010843940427217405,0.017300360518035685
Kindred,0.0086055756571376974,0.0014929474142705062,0.019095626878047348,0.0096796906828158693,0.011035219285457915,0.0099757277501389442,0.0091299786202942192,0.0091487294060919617,0.0078144422126437754,0.0095213593174742119,0.0065156201377713678,0.0085550815894820855,0.0063361368470900049,0.007923967420475863,0.0079776472701219153,0.0079148283545387634,0.0076706610179895747,0.0058821225761321334
Cassiopeia,0.007475675505333939,0.0061375321242595135,0.0037671644861453951,0.0044059522886439875,0.0043244068158462007,0.0043765194393804129,0.004583088223991047,0.0051574437889775797,0.0055653730822784421,0.0057571208736901655,0.006012082121595679,0.0066504317096557509,0.006684714145471623,0.0069852621296515151,0.0074164913476137823,0.0075717513204414232,0.0070429716176772846,0.0092948135121943797
Maokai,0.0057301937959428071,0.0069614289613603459,0.0044806807597472667,0.0046374988662688573,0.0044050275998272891,0.0034412186358047884,0.0045178039652580141,0.0051069360841576785,0.0055415011467764338,0.0057427416118509718,0.0065450926044574734,0.007080058507820953,0.0075417409404390503,0.0074826864834541453,0.0084880070007771827,0.0081340404802559604,0.0086687263030022395,0.0094113961218114123
Thresh,0.01255101578730808,0.017991044027914356,0.011425606834201935,0.013595053607684668,0.017000178193392279,0.01511381395085905,0.014869626782955482,0.01401056321723626,0.013919775274120735,0.011853591752434457,0.010943919651169193,0.010497177024921757,0.0097704610137345927,0.0095745996372092832,0.0089827885044210954,0.0081735823584371467,0.0092303620916474559,0.0057140619310997861
Kayle,0.0047165174274696993,0.0044164435118745167,0.0034698455018676352,0.0041832996948543977,0.0048518553183831839,0.0032655318454106858,0.0045303061155188831,0.0046867689639114281,0.0049515135295613568,0.0064681541956797591,0.0053633582223928059,0.0060648791878098992,0.0060015756854198809,0.0067100981974829287,0.00636364524196342,0.0069081851366314057,0.0085446412003490069,0.010285311475979615
Hecarim,0.005829282643472971,0.002711392142632264,0.0099107520127312814,0.01101215475877584,0.010026623974421438,0.0087429659319574905,0.0082824346491088188,0.0079007559797944962,0.0073500049183862423,0.0069168861524363722,0.007381978178111045,0.0071865384521021189,0.007487140499367384,0.0078263323290445382,0.007419364740924906,0.0084155377702603475,0.0080968088523223278,0.009696589943684485
Nunu,0.0075048624916898522,0.0073154423299254812,0.0045391244218309272,0.0073426275241026441,0.0088060064610517956,0.0082170811682102871,0.0064173827789705132,0.0084573274536747563,0.01159827738929234,0.010732656508750518,0.0090458526246059139,0.0058360418847168589,0.0085377254105489277,0.0096417840291418248,0.010558650798690769,0.0072492632429070952,0.0085016492949384452,0.0011764245152264265
Khazix,0.0051291315881587399,0.0031637953142195966,0.014700573411611524,0.012588713205443285,0.0096876902567831803,0.00022999598481655709,0.0074331294744658131,0.008189057389283997,0.01498301737305781,0.0070461690475232012,0.00038152575695616785,0.0073483705679024654,0.011390184874783417,0.0076408620501522556,0.0079941452296893589,0.0046711010829434841,0.012338112206547373,0.015447312734738853
Olaf,0.015552245163501862,0.006298794755373904,0.0063795580852831022,0.008141116569276928,0.0067447221900469746,0.0062962852916128549,0.006069719412955153,0.0065290567942369116,0.0062585714003844176,0.0064507987666315566,0.006430481664610751,0.006442990240727412,0.0066141932726859242,0.0069228209990716541,0.0071621617305804523,0.0065413273793419489,0.0069349886471814035,0.0077681364814951338
Ziggs,0.0077506549313740179,0.010336167147430308,0.0068910799803373812,0.0067347896520687893,0.0075643335736232543,0.0068616945029439432,0.0072731529212664145,0.0065794012001816216,0.0073201481424207343,0.0070229548057160847,0.007522886122847277,0.0075752688262422565,0.007281739319458011,0.0067114177088130273,0.0071338576550128673,0.0067473911722442962,0.00611363776518257,0.0072296633844824033
Syndra,0.0047767610145041436,0.0034031175552720191,0.0044951162903173305,0.0049623392275935435,0.0047816901657408177,0.0059081896029221127,0.0050314362055918624,0.0057523656655228978,0.005928478428632142,0.0059139396026411653,0.0069682158600437956,0.006925929487049026,0.0071643670434348022,0.0069347662588347576,0.0072470989961102581,0.0069600969384955138,0.0071680155426426225,0.0085753583952545617
DrMundo,0.0082745919780170159,0.0028136316653559544,0.0017458170853195875,0.0057815347064782575,0.003853568639366256,0.0022351926477628876,0.0043687567379914654,0.0032961891614322128,0.0040541091178377484,0.0043994222625959329,0.0043396947559410041,0.005123846942853106,0.00628739733288162,0.0047690544660271388,0.007550958203390635,0.0032130434153544267,0.0055205514902197696,0.0058821225761321334
Karma,0.010142638997967962,0.011778863107829524,0.0092400150442461821,0.011178652359005687,0.014629725775807708,0.011536780269641698,0.012580214109815633,0.012155556631290832,0.012252950913500692,0.011246179622191127,0.010151598499901587,0.010033276048270801,0.0097326800464744411,0.0093404279179184375,0.0087920191444068752,0.0089847767567743896,0.0090449877837127067,0.0070998251445243991
Annie,0.011698204408921557,0.0082712287649911211,0.0067799579971651817,0.0073543047307249448,0.0070448051688414368,0.0090063438447486772,0.0082657697906599083,0.0080449911741509016,0.0078480166152759719,0.0081157433476662863,0.0082298970223864069,0.0085746389622348099,0.008138232911392226,0.0079951795459866741,0.0079443694711303151,0.0081667683850102733,0.0072993958592905842,0.0098448156800527275
Akali,0.0055639497783217867,0.004500035502635549,0.0033694454881035515,0.0030125103872849241,0.0032044600625860124,0.0048377488683704764,0.0053364699132521683,0.0054658551164546007,0.0062415615617828352,0.0068705263256774148,0.0071142096301032073,0.007280518151968618,0.0071653136025896852,0.0073068727354487235,0.0081318011421129925,0.0077622880262512893,0.007317302410018006,0.0090691635355637252
Volibear,0.016984688796982294,0.017326047623507718,0.012267903842786291,0.010249084252393273,0.013567772917768693,0.012107293508715642,0.012094983932031926,0.011158973723598637,0.010470177460850534,0.010922375184410249,0.010038127274754014,0.0094599459883696144,0.0072978719042375946,0.0077497135072941009,0.0051777999108964358,0.0092009879621513125,0.0048580853113933979,0.014117094182717119
Yasuo,0.0055677896332412633,0.0067058221357650244,0.0048315610092317992,0.0043533381775285075,0.0034661764398806697,0.0037553130713473938,0.0042114359551971734,0.0048044688020335343,0.0047955336090297288,0.0052034074940287833,0.0055260635949949642,0.0053424431378459834,0.0050785903590273747,0.0054899580481010089,0.0064291721752320168,0.0058398964691280027,0.0064876409059525138,0.0066245263964206554
Kennen,0.0065580719922352163,0.0054887949712228304,0.004869910816944112,0.0045773417286368665,0.0037083945974080027,0.004236321811670979,0.0043324545773842614,0.0047776053108408443,0.0048586431037193562,0.0049432345097688265,0.0052534372832652547,0.005271815179065522,0.0055086183997841015,0.0056942707528545959,0.0060170712870647684,0.0057548824584036642,0.005945853938991919,0.007909829152627933
Rengar,0.010940706629319081,0.0039210164740926326,0.010325858263092739,0.011946521686227798,0.0090576066456532767,0.0091778631865752948,0.0088266090775312792,0.0085045625272192164,0.0076455209994005366,0.0074097111541556191,0.0076534276331066539,0.0070156127162715977,0.0068700588717177935,0.0072392533361549695,0.0065359113629348447,0.008191596877695894,0.007136420941006724,0.0078104885340806061
Ryze,0.005965316759625432,0.0042823308924332558,0.0063829828567366171,0.0053197071284942056,0.0055475295228850259,0.004492093633626763,0.0046372949961982803,0.0054949179296981086,0.0055682670839687668,0.0068540423373720464,0.011115914316867483,0.0064910933738378052,0.0063027145809121552,0.0057310721451205677,0.0051156192563351997,0.0044951391570815574,0.0075022412055758877,0.0
Shen,0.008564466219285128,0.0088114267892571378,0.0042646201371413679,0.0040818863689185336,0.0035007771442130075,0.0076275949104908543,0.0064901318608569809,0.0079363711010899066,0.0065400138460633105,0.0069052635479813097,0.007094629185374189,0.0074351173611292782,0.0081292750325684601,0.0073138452401597474,0.0068671086351411613,0.0084967148094928172,0.0077416856570450346,0.0066433384389257034
Zac,0.0037235663901076573,0.0028208646516422165,0.0057472118002510446,0.0072221526338108041,0.0068313262243310906,0.007017159117355086,0.006343726802483649,0.0067275220784831467,0.0063119200045250864,0.0070019218567677179,0.0074840475539586122,0.0076616953859292821,0.0077238177352242244,0.0087238801207813518,0.008225724681140436,0.0090583369859939273,0.0083498341289574025,0.0061762287049387399
Pantheon,0.0079022079578282955,0.01224097919748487,0.0077416112724098428,0.0072201687595245482,0.0053961544824793015,0.008238153063034933,0.0079380988399291239,0.0072332101808375423,0.0078098468335125529,0.0077627370077353024,0.007781323373993846,0.0081527128460853679,0.0072551942907625204,0.0077994591164643572,0.0074683508008469039,0.0077462496841475296,0.0065901583414498498,0.0060615771632005705
Swain,0.00625405207640821,0.0038278477307749611,0.0021112206613167102,0.0049259164623905657,0.0040776133277015039,0.0032098406046362402,0.0050090544181380743,0.0054609227659860827,0.0051426869906810706,0.0058135222755731969,0.0065694626054370511,0.0076776373238941781,0.0088165818953588621,0.0090644699611132258,0.0082844798574342963,0.0097552643454134405,0.0097637989101533977,0.0065049355547814177
Bard,0.010558988536365273,0.011817252994495009,0.0097701030294816051,0.010567378794393064,0.014426822655858427,0.013244568568425541,0.013786472961573915,0.013390768468318364,0.013301322195335643,0.010903241777763771,0.01002936417804973,0.0093816420004899301,0.0095497107031043485,0.0091720196888115321,0.0080464200914160712,0.0091611568454320422,0.0075014552602398052,0.0079996867035397011
Sion,0.012755299887061804,0.0095418812999028008,0.0068447114297450484,0.0050733989912046546,0.0057861333120084336,0.0070314502180877612,0.0065267111751041856,0.0071707157720812334,0.0076957203559134303,0.0066936077373337443,0.0075406747933132014,0.0070136119026043752,0.0079584886367830635,0.0071235246330783528,0.0077823901691049455,0.0067473911722442962,0.0083498341289574025,0.0079996867035397011
Vayne,0.010325071169558248,0.010917883074259062,0.0086541387335412872,0.0071433011456074336,0.0070210852861180657,0.0069693760603469742,0.0074026155838188713,0.0061304611894020013,0.0070328319268710901,0.0064945348849974865,0.0073187500923521101,0.0067830869201010039,0.006800559421184597,0.007490220837819095,0.0067529966814602709,0.0070043557009169906,0.0084341758878357584,0.0067020548140172189
Nasus,0.0027348227723954545,0.0037838494809959385,0.0031853504714602996,0.0046750208870565812,0.0036901360408217051,0.0025991804413206059,0.0028046339552537801,0.0039045979085189997,0.002871095671244626,0.0040338725993773203,0.0036211811919537023,0.0054964903568787866,0.0058382975233900753,0.0059017049017085843,0.0033240196958841312,0.0082989303188031448,0.006624661788263723,0.008234971606584986
Fiddlesticks,0.005469645544790909,0.00278978732920887,0.017310220252745059,0.012159930468941172,0.011781143107215059,0.013038623778616846,0.012511106252566861,0.01104738398636265,0.009836914943680504,0.0084966864027608262,0.0076903793664157422,0.0085206211516866137,0.0058382975233900753,0.0079853935245105586,0.0073098351683243794,0.0088009450072751676,0.0018217819917725239,0.0023528490304528531
TwistedFate,0.010162287558726286,0.0036538749807724538,0.003754643573144202,0.0040677862640148442,0.0049839442298135386,0.0072643761052293846,0.0058380484919219764,0.0072490503308579356,0.007426248192925383,0.0076888520418871313,0.0071837865568778695,0.0072475117086235434,0.0073105638553753989,0.0070902756663058352,0.0070785112705925952,0.006988666565579788,0.006751454942409015,0.0078245909617385579
Chogath,0.01344621196427765,0.0054865817474441109,0.006924088101098025,0.006361500570450998,0.0077735781173422754,0.0045880270138290852,0.0060850540279166841,0.0051650106949227984,0.0046886653275862653,0.0066747848349173744,0.0064613233032899389,0.0067596589482111788,0.0053261661616891918,0.008478319050714913,0.0062133598930757226,0.006133991974767542,0.0078076371075965325,0.0094113961218114123
Udyr,0.020169317946416476,0.0,0.0056739055272886588,0.0054661782679430795,0.0053674706048315712,0.017123172248040695,0.014874576512685226,0.0022955603088545768,0.0052201739477175024,0.0077513630340975952,0.0058151909729609449,0.0097170097380535701,0.0038921983489267173,0.0035767908495203545,0.0,0.0,0.0,0.0
Lucian,0.010384970623707235,0.012934550206534908,0.0081024254027818599,0.0079914886958232147,0.010782093220832966,0.0082391258862444944,0.0085694843706755654,0.0074597097380286791,0.0074247245290312075,0.0071747981682423233,0.0073247390721366476,0.0071928107098853111,0.0069914191055423886,0.0071222407058357112,0.0072451852436861003,0.0067211247078687178,0.0075392955309230162,0.0076467593489717729
Ivern,0.0087632209008568131,0.0059750155590143298,0.010405432281878855,0.010861367207731053,0.010167004163878708,0.0083556186293337123,0.0088468610386240598,0.0077618632943145379,0.0089828526738661395,0.008750476399682414,0.0092218886774509661,0.010218971794808617,0.0088997049966686934,0.0097625350245732021,0.0099203204548944414,0.0095713981055551497,0.0096100473999650941,0.010303856098879736
Leona,0.011934023992611169,0.016571716298402622,0.010858480393086303,0.012779722339403958,0.013327090922647984,0.015022668995856166,0.014467311970147513,0.013816770668756523,0.01247503638540147,0.011268569987237055,0.010109189605312902,0.010171606684863093,0.0092918512964853695,0.0094871030019363402,0.0082714539457087715,0.0083105697722657013,0.0066602782494909474,0.0019607075253773778
Caitlyn,0.0089740628826335631,0.011782033682967603,0.0081607932095452747,0.0078530455401447357,0.0096617481246253096,0.0071845477963807108,0.0071758255903692867,0.0068266360895111958,0.0071673402723497932,0.0066945778254116203,0.0069011522398474542,0.0070608515205874359,0.0067579247803423691,0.0068333393909499832,0.0076633869573244197,0.0077591664789518769,0.007289992404184078,0.0089408263157208425
Darius,0.0091123089344691526,0.0057593952044993424,0.004658740738078899,0.0048398453414079346,0.0048142772555870919,0.0034747085706132164,0.0042482533964573388,0.0041928781381758489,0.0046534122048224593,0.004831796781166563,0.0057494826003851151,0.005922748792718366,0.0063844360268956032,0.0069357061142983518,0.0064815624783883443,0.0068829095995938117,0.0074292528033276682,0.0074261797523668179
Gnar,0.0056615629323274316,0.0067379074091418901,0.0060253864006605236,0.0025622710630983183,0.0033546691280197318,0.0038916300563728852,0.0036141533014293031,0.0028269400099783216,0.0037701256289070849,0.0050599175361470414,0.0049374262977970292,0.0047685325566374,0.0062654900251015453,0.0058250593835045767,0.007027014164788019,0.0042937943823372791,0.0075300322326597663,0.0086271131116604609
Zilean,0.0057285636770887036,0.0058436965357392895,0.0061284914300684624,0.0081748648203613019,0.0098844899628587387,0.0089332192645388379,0.007721216591314221,0.0097596521106516673,0.0098215988428461253,0.010256786267822383,0.0086597025336992376,0.0093892988213976469,0.0091289743093008451,0.0082586065143396802,0.0075521501462798846,0.0076163733686696981,0.008771542923349189,0.011481903268609924
Azir,0.0036259447993557711,0.0049317588741070659,0.0030600838798860181,0.0020728485004840331,0.0027440439608970389,0.0037954324594737803,0.0035295605284337826,0.0047747654424175195,0.0038891822277146767,0.0050736194405002445,0.0055207509236971002,0.0067571042774068665,0.0062394019333939744,0.0072790831323572124,0.0063726768134109981,0.0057250591764497058,0.0060726066392417467,0.01013534966964306
Rumble,0.0058861666601489034,0.0052110000158373292,0.0039389096222499781,0.0046539450412344174,0.0048569909443535913,0.0047411378460457841,0.0048359456829288926,0.0057270901250843368,0.0058470896246613953,0.0063026677668448295,0.0063847904919858501,0.0071401395381223767,0.0074033423140424269,0.0070192421366174085,0.0073321439226529386,0.0074387110949544338,0.0075757270944996052,0.0089245997706832361
Taliyah,0.010822560849296647,0.004910025699407611,0.0058051387163551987,0.0063803172956878266,0.0068873973014117835,0.007065215691103837,0.0067844694575746167,0.00719019968695508,0.0077926579736477802,0.007380645671597276,0.0077638517906778127,0.0073346609024579224,0.0076238936731554251,0.0073051068409378927,0.007494375186599048,0.0069808942198044807,0.0074304565709976652,0.0095669563882876344
Teemo,0.0055511884256192138,0.010318800534183879,0.0049383992552327217,0.0048965180034853109,0.0037130267242834864,0.004037681730697568,0.0046306726095736873,0.0042719817455025419,0.0040139081883702491,0.0044834362022415399,0.0053446566110327068,0.0056226464473809511,0.0056811590807315437,0.0055492858032999614,0.0061184744602694064,0.006133991974767542,0.006016378799989508,0.0075176395851054584
Urgot,0.013493062877045171,0.0042204474980339314,0.0070324462873436891,0.0046520666110153866,0.0061288139530346316,0.0044523595483663978,0.0049565530991030442,0.005257845854472064,0.0050192464976544131,0.0053949486717319271,0.0079180055658620001,0.007859981210336665,0.0070281981614905287,0.0082830945988892415,0.0097246134527230552,0.0083105697722657013,0.0082654923700790448,0.0052486632217794418
Amumu,0.014668594870121074,0.0060962019416045676,0.0092463645629889245,0.011387871391548083,0.0048704825858656847,0.0088786819063914699,0.0071438789426275535,0.010397537869517789,0.0092292675395645434,0.0078304585752618575,0.0058994691030038572,0.0062011686077606829,0.0082561783159051574,0.007153581699040709,0.0050869613159684277,0.0073607903697210497,0.0078943886310142708,0.0062742640812076082
Galio,0.0079878486916500901,0.0032919490484664663,0.0073359586615449335,0.0079482694202233552,0.0080512059072473559,0.0075608812523816045,0.0065679948237830866,0.0071233366285075005,0.0077556870080374308,0.0093016356409171153,0.009270594304720348,0.0090692090888499985,0.010586779509080671,0.0080259697111188452,0.010787083147700908,0.013188082745750215,0.012145213278483493,0.011764245152264267
Heimerdinger,0.00094914437394901072,0.0019478988452464299,0.0059440915047785951,0.004636490495130291,0.003131024519485083,0.0038916300563728852,0.0030607457385928229,0.004090271095777245,0.0033306631322860135,0.0062888417069093703,0.0050736565535900863,0.0050495230091765564,0.0060628474281358476,0.0061699642154226112,0.0065338903637502639,0.0067971262423099791,0.0075384082418173412,0.0088684309609376767
Ashe,0.01111720846456335,0.01206141111421598,0.0075212601069895579,0.0072546827330703979,0.0081915124247262695,0.0082718443242028039,0.0083415948966024528,0.0078185683099617886,0.0073672110089725365,0.0074183922910030682,0.0075022638284334515,0.0075127248079064511,0.0070756794788067387,0.0069202151693354905,0.0073964278390641278,0.0072343332393175431,0.006915217129854238,0.007730789671487946
Velkoz,0.0093896977882245158,0.0089199028409367442,0.0054469493061971123,0.0074021164045062534,0.0079558026430192833,0.0087848269179518143,0.0078782342003945478,0.0086872610438215384,0.008338630802759199,0.007400902471385736,0.0077424477513560472,0.0087126129435367745,0.0083103694477083961,0.0074776115320983024,0.0076422721165479175,0.0083872951491719451,0.007983089626868365,0.0087697100225969972
Singed,0.0034163014111194029,0.0078892025126647333,0.0043566657699279608,0.0035062656652924359,0.004020080864524057,0.0044736100169879226,0.0041461066012067763,0.0050098795463559258,0.0050925114022624335,0.0053069081687285953,0.0060475148575165668,0.0063055216545329085,0.00653065972968954,0.0068550551057267994,0.0074840038941980094,0.0075084985376753189,0.0070619639006912456,0.0091218147026787544
Skarner,0.0,0.0,0.0078016201000219061,0.0051245421261966366,0.0082189393636483438,0.010215528897978823,0.0093153913513786268,0.0092198733716290365,0.0078214131691224948,0.0080186514145837197,0.010230428563542403,0.0061695299924149653,0.0077843966978534346,0.0077756322815659869,0.0069037332145285811,0.011586429285672023,0.0060726066392417467,0.0
Varus,0.0086927508220770444,0.011004896182843364,0.0079950187330030051,0.0076217869853653355,0.0083995964811775861,0.0080666032986363625,0.0079128492827440916,0.0074523096303050094,0.0077195609837293379,0.0077037721635889386,0.0077749341400451992,0.0074074935574829064,0.0073244165896485828,0.007445239959564978,0.0078838928684431316,0.0073819192979441466,0.0076160140567939471,0.008167572285400139
Twitch,0.011539294631161911,0.016820177619901653,0.010321236460397952,0.010851971561357584,0.011539402405964679,0.0089214779294802312,0.0090653513572335337,0.0095599916659893126,0.0082630214561020578,0.0088466643323939966,0.0083115673076803107,0.0082942351400618463,0.0078173814296239996,0.0082586065143396802,0.0082391268655140348,0.0082228649175262181,0.0077729364982294363,0.0085643704708483863
Garen,0.0021092097198866905,0.0074142996587082581,0.0050787406118387992,0.0043924646795971169,0.0024327384755711435,0.002744319861975545,0.0041091148646741427,0.0039850926961715449,0.0032262386529336036,0.0033912213274176987,0.0048045737383438005,0.0041998084902494532,0.0048345200544563441,0.0066033061837298852,0.0066945291777246842,0.0070881685041758258,0.0072292936181449366,0.0043695767708410134
Diana,0.0016464749344013449,0.0011197105607028796,0.0027790557684679146,0.003764969725368958,0.0030671260599037546,0.0055594715091041216,0.0057952895503968413,0.0042631834307299285,0.0066477317211749414,0.0048446018963109981,0.007029351725557186,0.0052840209817389353,0.0082168631810675147,0.0060805444441846025,0.0087988756655756409,0.0068775061535272432,0.0047941631362434841,0.0061762287049387399
MasterYi,0.0082621302431103629,0.0072933412956960996,0.012003155765935887,0.008249262934853124,0.006204599047786954,0.0077546100755209388,0.0081468972399902761,0.0062153378173704114,0.0061183753063406409,0.0068530262586227091,0.0054780784527892956,0.0067062289429746401,0.0053378720213852118,0.0056979110044684715,0.0080543554169500119,0.006133991974767542,0.0090268477069809748,0.004117485803292493
Elise,0.0040191593477670743,0.0019218384131159134,0.020251563549300678,0.017851862756287511,0.015152878974516507,0.010129504278366992,0.010795913746246243,0.0094554251442873233,0.0085206797720120322,0.0081305573121618901,0.0074425227707434786,0.0071144264548455094,0.0069730745202592854,0.0071002851466471931,0.0071550827247662723,0.0063432452127027564,0.0066476640861396399,0.0067702533366390399
Alistar,0.0073536747070157829,0.012652951942415842,0.011332700786861502,0.012394879149382636,0.015109772664307302,0.013778116474228405,0.013995530748701567,0.012564652192654535,0.013091916975408584,0.011005506685739491,0.010749292404564171,0.010439469975242848,0.0093074308343899757,0.0093608206619417451,0.0079223168035573877,0.0087442013257324532,0.0063366330148609531,0.0043135565558302304
Katarina,0.0053498641134989266,0.006934210825657719,0.007102923847538899,0.0063790980824024526,0.0067333300685142828,0.0068160326258407487,0.0068920325190740929,0.0074091053961761509,0.0074552083895598727,0.0078084346494758242,0.0082513468863595427,0.0083629954995117842,0.0077452299220151779,0.007359440165200154,0.0076061918457661715,0.0071734771919680813,0.0067870309497407759,0.0067925728531334547
Ekko,0.0039354766724715076,0.0052269114662673666,0.0043706993819531154,0.0042888475640784161,0.0047110054692437288,0.004268410056270093,0.0045639478550472427,0.0055841640669258815,0.00614934504925479,0.0063547551436766905,0.0064602184258440963,0.0067001141536638716,0.0070169209670791523,0.0069799152011817654,0.0068946133555926117,0.0069136395528688367,0.0073745298017778346,0.0077419472246851142
Mordekaiser,0.0046650123141371447,0.0056465678361345912,0.006461947961634306,0.0042360488328630694,0.0044241541540703108,0.0037348647466815387,0.0039412093703944358,0.0046446974292264059,0.0045983171605030668,0.0054677365640149397,0.0061163011851530979,0.0066625650815524008,0.0063310438616813094,0.007153581699040709,0.0060752852287851511,0.0070212989899854882,0.0060726066392417467,0.0063155421343734476
KogMaw,0.0063404901945374285,0.010599926641320595,0.0095364960567798467,0.009240977604616887,0.0089824473919654022,0.0079600071960174244,0.0078967490577138543,0.0073142852978209548,0.0066990991203518752,0.0076366979004570991,0.0075244483835437146,0.0072392110918192863,0.0074552467317708362,0.0076631519022600462,0.0080755846088766056,0.0071563239705621324,0.0076616999653984661,0.0089408263157208425
Camille,0.0083258278416579873,0.0096554751249016448,0.0080769019368687675,0.006465218682449648,0.0064813680591536485,0.0067319087467308959,0.0063535802884273559,0.0070098751833088477,0.0067200549129771787,0.006712183672865287,0.0068821237705210068,0.0073296965885981773,0.0069853761969851189,0.007153581699040709,0.0068172202669780973,0.0069335812452214112,0.0077235965692855971,0.0084585894896445548
Aatrox,0.0,0.010973163494888222,0.0075652073697182118,0.0,0.0012524098077940332,0.0050850632736605698,0.0018931279197963017,0.0048206766485946106,0.0023400779765630183,0.0083714720768254033,0.0057270820188251737,0.0047112774487532453,0.0067228880572370569,0.0035767908495203545,0.0086296665181607255,0.0050187207066279887,0.0030363033196208733,0.0
Draven,0.0075380279193677747,0.018938454762751245,0.0093793132185792123,0.012915937807862951,0.01087871274372113,0.0091687202248867047,0.0086584920362776582,0.0085306761543242349,0.0079417186896491403,0.0071765797582640876,0.0078737986300556461,0.0076811786695232809,0.007580033061394275,0.007153581699040709,0.0077584811363273576,0.0070347879990341044,0.0078799300437779815,0.0057011341891742206
TahmKench,0.0099532342255122148,0.0112225535743175,0.0069924892061656004,0.0093074722716080267,0.013080230319411927,0.012775953686408785,0.011748680044264312,0.01066227353981139,0.010290588806770978,0.0090630618494195354,0.0090086651523567634,0.0082687726651587586,0.0086629506558788885,0.008113208512326657,0.0077131364189905521,0.0080283130257986952,0.0060726066392417467,0.0047056980609057062
Talon,0.0049998921305577189,0.01104878253888056,0.0059775916529309853,0.00593827654592577,0.0058688506109418068,0.0063063125382092182,0.0064037686348890075,0.0070183194988703949,0.0074945891784839805,0.0073077514225738842,0.0070791116685320994,0.0074502570422055039,0.0074650581012979129,0.0067933626076751982,0.0070453192115451637,0.0069250271389343964,0.0073959866449816005,0.0071711235999926673
XinZhao,0.0,0.0027780160746552459,0.011638780568797248,0.014716633798308291,0.0067437451188909481,0.0072643761052293846,0.0063104263993210051,0.0049442837421483192,0.0065218277113042039,0.0044596883209876573,0.0064613233032899389,0.0044847737252554937,0.0066452166932895167,0.005722865359232567,0.0065749840138367432,0.007448418826503443,0.0072871279670900955,0.0070585470913585597
AurelionSol,0.012752213927411707,0.0072681696815899361,0.0055911419134384186,0.0078659638489912611,0.0082744856795527472,0.006730230803374284,0.0067656046969769464,0.0072944449287944777,0.0082930175770416937,0.0080787913001930979,0.0082171176791839447,0.0089787389059572727,0.0083093908937551773,0.0081664782227986853,0.0084777843874410969,0.0076399421003092742,0.0077498027586513718,0.010999569217367089
LeeSin,0.0068381713656962143,0.005161339017593582,0.014352944197440766,0.012628562369546847,0.010492149499974386,0.010156415913170442,0.010011486529283842,0.0094436868103610228,0.0088773477833715576,0.0082303651323628654,0.0083435143386415781,0.0081842039137555514,0.0077241033407055544,0.0077746171859678723,0.007868146211132512,0.0078130948284665363,0.0075304808093274844,0.0073494907886726222
Ahri,0.0088264009697901248,0.0029748564003393824,0.0041877990021845701,0.003692216687197577,0.0042006291689986206,0.0048489371889473953,0.0046205556594279273,0.0056868603621120306,0.0060582018726575912,0.0066743634735869709,0.0070613033243097185,0.0074495460805273674,0.007763893458087358,0.0072073680276049249,0.0077431215425245422,0.0075602320747607506,0.0084280419417355149,0.0070991134539525741
Malzahar,0.0083399333360630948,0.0095682400880240815,0.008397270698370287,0.010335710175801573,0.011222538466642753,0.013813670732586899,0.013268316622512865,0.011763510064335646,0.011390186171513092,0.0092902540127238857,0.0084678806477454256,0.008194016041252656,0.0079639303886968899,0.0072775945204656854,0.0074209853972684895,0.0073304574423732989,0.0072677473076031554,0.0071369753923736547
Lissandra,0.0043197279381301428,0.0032988940886531045,0.0044231084621675172,0.00382896545339008,0.0046205410384634231,0.0059435804497331331,0.0037738824544958955,0.0058601184782145705,0.0058490268492395435,0.0064858343754694162,0.0064843173363977316,0.0072814801654664998,0.0068727105981048336,0.0078490688086696667,0.0072151798257103217,0.007367643992039226,0.0079454666307835937,0.008604705025656148
Tristana,0.011777703910316189,0.025012357966289329,0.0090114970139290457,0.0063303167441252578,0.0085642729503562567,0.0094543718428353029,0.0082736701679986518,0.0071283188538115803,0.0064730156951697026,0.0068285817205145493,0.0058662014200921812,0.0065461960340571423,0.0073692288739679174,0.0051801798510294787,0.0063161814515899778,0.0065429247730853781,0.0051383594639737859,0.0094113961218114123
RekSai,0.0024180308271118983,0.0013788734022761851,0.013706158095259643,0.011362658392157202,0.009698068548639369,0.0070845648154959848,0.0078520444620336013,0.007371374012304286,0.0070750017121192534,0.0069701125968309671,0.0070557287476234942,0.007440220845455244,0.0072042522890946566,0.0069533679903686155,0.0076536818987464053,0.0079621257403185344,0.0074978102382474623,0.0078087308401985998
Irelia,0.0048123284924783171,0.0085742892980250375,0.005678904562995522,0.005541024348467035,0.0053484875080859239,0.005177799989897541,0.0056912052539817449,0.0052307311997074083,0.004991159864849895,0.0058302118132064215,0.0067725939492395051,0.0067768431010433129,0.0071262706890520876,0.0070586751425028545,0.0067828801166812539,0.0072474873332444524,0.0084305868768196589,0.008455551203189941
JarvanIV,0.0022725992052300258,0.008560624003104287,0.01167203422756524,0.011420408166952506,0.0085879529677305132,0.010118238146569501,0.0093304161761389153,0.0097107155511258359,0.008083592892568426,0.0106507278331112,0.0095277140234953338,0.0091828583255523788,0.011209531244908946,0.0083458453155474937,0.010439791690262733,0.0076674899684594277,0.01032343128671097,0.0047056980609057062
Nami,0.0085674978887432824,0.016714808884399468,0.0088524217579986249,0.012093919417824063,0.014666046441370772,0.013719965397123515,0.014899617887285707,0.014253031171395581,0.014612849301729064,0.0121577395306593,0.012098270874780817,0.011261102194580928,0.010882791436143782,0.010015014378656992,0.010079450493211727,0.0083526699230877157,0.0085016492949384452,0.0031371320406038041
Jhin,0.010759764315400148,0.013767808964853223,0.0079805287094269345,0.0084919186193643473,0.0096878715593667671,0.0090677769148616652,0.0090638003989174966,0.008764734121915637,0.0090504008832770905,0.0089122152665034142,0.0090147467104203308,0.008350497064455795,0.0082779943851593284,0.0082655741017628771,0.0086459579485670263,0.0078771427466167877,0.0082311585567303325,0.0096164161618093793
Soraka,0.010552723313736892,0.011754199092480688,0.008002687626641268,0.0099525334730368002,0.011378276338894728,0.014909440979792399,0.014163608000832419,0.013961116014191184,0.013791362784453658,0.012420581716358165,0.011642347359446501,0.010814701990042927,0.010148546806090404,0.0097521049657862662,0.0097279877113811818,0.0088077833483841631,0.0050605055327014557,0.0086271131116604609
Veigar,0.0055896493154041042,0.003556117799269331,0.0057789778518680789,0.0056939356957740415,0.0062620490389701661,0.0070789743948871039,0.0071322493722558332,0.0071501058800388451,0.0069179975132372716,0.0079316272907045161,0.008175920269246767,0.0082606354851711902,0.0073535260319205868,0.007928846710759406,0.0075219779800087521,0.008324703394327379,0.0091089099588626196,0.012499510474280783
Janna,0.0070324014147311684,0.0091293856156492558,0.0077333230890452827,0.0089827229361997066,0.011811092494295215,0.010914694880236497,0.012952136826379438,0.012530940177194763,0.013572452264065504,0.01199434770145494,0.011246240690863192,0.011322902103726289,0.009411539000492632,0.0093671428285551916,0.0085979008745355936,0.0090704774946030672,0.0079902718937391419,0.012025672822314582
Nautilus,0.0085167945263178984,0.008302586355168437,0.0068394752673905925,0.0075100189760005133,0.0082944684638990799,0.0075519687076358276,0.0080867865865314453,0.0076395878683846391,0.0080297754232429436,0.0074287528740732871,0.0075494833546752823,0.0082380338604266384,0.0081445289294267247,0.007940057347824131,0.0083142966454040207,0.009258238553915811,0.0084242533279677168,0.0080210762401801815
Evelynn,0.0072745943250694363,0.0092188332809719237,0.016433285147546287,0.014827912692813456,0.012247191297947968,0.011200782954129065,0.009957439988665601,0.010328524935928479,0.009162989787347758,0.0086940963760824396,0.0087944448993621457,0.0086003670664812036,0.00842574761013796,0.0077651573365234644,0.0079247078448461874,0.0084259943524360587,0.0088405854794542642,0.0079873032875899495
Gragas,0.0082007116924990072,0.004226252790328339,0.0083499799184441684,0.0068327228349288494,0.0067317027168929287,0.0055771009876030885,0.0054995894876764071,0.0065365107099587955,0.005604739280268777,0.0059442611573327139,0.006268525753111126,0.0074815313072576417,0.0075182634774140005,0.0076672697465782072,0.0079255854231772161,0.0072461993108517662,0.0078319599646295424,0.0081730545268362282
Zed,0.004210280262243498,0.0030694163622064954,0.0040135062405386298,0.0051645329789094313,0.0049462968236417383,0.0053854250843382717,0.0050153762054305001,0.0061929154286298862,0.0064192634089753836,0.0065788753052506005,0.0068110071977329325,0.0070090837449996229,0.007298115045063989,0.00706847067347211,0.0073531814026053851,0.0074479542005395916,0.0078369450546971198,0.010359071425743813
Vi,0.0044005784610363224,0.0026601608472456295,0.013244861534825805,0.0077493076054680849,0.0073311793626967799,0.0087573613783900259,0.0083227295545224411,0.008613748243570309,0.0072848945059520919,0.0073574413061352597,0.0073618561678599655,0.0064182620316348572,0.007710958993156704,0.0069791040966250811,0.0063186710777041249,0.0064825142460611523,0.0067232430648747916,0.0061435502461824505
Lulu,0.0075832422566161168,0.013405260813999573,0.0080148875280581042,0.01017741233454437,0.011143488841002028,0.010042119919916217,0.010127216560200644,0.010304749166261874,0.011715169322667068,0.0095986504861488922,0.0094944265086112957,0.0098565804574213527,0.0092191678539283815,0.008651301283412868,0.0093317410823500722,0.0084894448930782768,0.0099682410870572079,0.0058821225761321334
Taric,0.011726347643265394,0.017646900357276379,0.010413285438318008,0.010851971561357584,0.014144863711556139,0.010896564157844077,0.015202390871091511,0.013751773511664879,0.013205629229901573,0.011805922159625568,0.010778936538665925,0.010539613737042233,0.0095760435568831934,0.0096573352937049575,0.011659638317870492,0.0089221701451164242,0.012145213278483493,0.0
Quinn,0.010515978399760931,0.01052527927060707,0.0065905487515336572,0.0068047198724906161,0.0050919330994500739,0.0082957381448607176,0.0082751158556044514,0.0083867025897609807,0.0088365327506469034,0.0081848274142938427,0.008491601497213612,0.0084679823425303433,0.0076542953602848534,0.0072251175160311159,0.0071962642829408096,0.0077854513525895718,0.0064137643156036419,0.008698411567128729
Leblanc,0.011557074746155999,0.0066504021181140738,0.0076282507644658644,0.0070049763517757956,0.0070085766242611392,0.0068755785108649964,0.0068841015265320056,0.0072183713288445778,0.0078598090759972958,0.0089158054629866965,0.0084899962399586793,0.0084135766528684909,0.0085009520424257166,0.0078075102200056493,0.0083690153661836273,0.0078684310848742261,0.0062263435161845756,0.0087525983932846153
Ezreal,0.010455578926787945,0.014226237828082643,0.0078680797494156685,0.0085843777222666985,0.0088911221900226864,0.0074018016100797423,0.0073231503161378482,0.0068459205817899046,0.0072782334496466709,0.0075109847599822387,0.0077290681615045324,0.0080848408463765117,0.0077767783804744434,0.0078602644793148158,0.0084458211110406654,0.0079250630463765306,0.0076387918606760988,0.008099972072050805
