MonkeyKing,0.012048996753705857,0.0064124550842050371,0.0075547347317014377,0.0073744672954721207,0.0065081065004708805,0.0083786609807585729,0.010473228882168248,0.0091969829450279286,0.010163995302836598,0.0097181007579663827,0.011857740730476853,0.012761771393667033,0.01291265288249638,0.013473665430447326,0.010727064294634485,0.017141794781148471,0.020107675753908972,0.01646271294278253
Jax,0.0057850631849523642,0.010409278050150782,0.010302584325290883,0.0083178108326991823,0.007532820384559445,0.0067366463305764349,0.0070307191159345497,0.0075423975238976251,0.006298351996457144,0.0074877135733228588,0.0080721950078513818,0.0080446685302386425,0.0090157229091972994,0.0092959146448301187,0.010510951277709617,0.010881463092346937,0.011339927109647525,0.01152535464906738
Shaco,0.00081856676358509637,0.003702938348625067,0.012770675954866062,0.013109383713929754,0.012600933824245049,0.011052296132872591,0.010718134781459478,0.011694830197054354,0.0093932673831568052,0.009242993609799138,0.0083376856964867234,0.0075861641062354027,0.0087724054503308738,0.0083997170257713097,0.0081204606442648007,0.0073298378505833369,0.0095623169140811575,0.011222758465230864
Warwick,0.0063493028512918628,0.0065803291027391759,0.01686079119152761,0.012544367730538719,0.010288476295067886,0.011773850197948629,0.011680625375516389,0.0098480912784814564,0.0089817297474200398,0.0087326883638459973,0.0086821529329836732,0.0071294099465398254,0.0061157067546121751,0.0054074622855523223,0.0060352149482587715,0.0044186134627831556,0.0039037452409740338,0.0039675782680787634
Nidalee,0.0099941290902831534,0.0066485726163753771,0.016034433565300658,0.019369886320019149,0.012398983423680536,0.01071418566628656,0.0097036719850866135,0.01330842489100414,0.010356556962042305,0.0098744190453522764,0.010511680336508476,0.0073719368806440368,0.0080328712699250741,0.0077655590515257724,0.0077854371673267732,0.0071091939596235904,0.0038221470223434857,0.0060035434729192906
Zyra,0.0051097494774838426,0.0072673614576698464,0.0074474164296737949,0.0070455709589832497,0.0086189383981866447,0.008474658121511193,0.0075176318521843616,0.0063678987212833086,0.0055352970983764656,0.0039223035613538768,0.0029001389049806087,0.0027393370652457833,0.0021715210293715725,0.0014690464509247946,0.0011204786109899549,0.00075201805722955575,0.00068610309961631918,0.000896556958838392
Kled,0.010333017561285357,0.0118444608090495,0.0068012887132717957,0.0082160800173694051,0.0084791960925524601,0.0072468128197737871,0.0090845650636495207,0.0092061044903280417,0.008785833772977935,0.0079280609492188969,0.0086827611994989874,0.0094209013473594491,0.0090205672567959388,0.0090451519831366671,0.0083569190923146238,0.008736053098131781,0.0092115414169246651,0.0074148355883709056
Brand,0.0025131435724103836,0.0086936891053890891,0.0091763908970202198,0.0097415802545125548,0.011707931357937747,0.0097574107490347953,0.01185193687735725,0.0095079920301254905,0.0089916207690147534,0.0063849626909796668,0.0075125028443744791,0.0056088180735324403,0.0055937403175186744,0.0053312981291269478,0.0035159439361695322,0.0029444339619493646,0.0010484996616317056,0.0053282222773071101
Rammus,0.0,0.0010164928800147244,0.0078193973340669274,0.0072087693883392916,0.006189932404892305,0.007747675400726137,0.0060403047709072484,0.0071309940225941174,0.006250272973583426,0.004852571645144548,0.007119255781903519,0.0054186886473110013,0.0056683235217522571,0.0049940625265403127,0.003522336561508022,0.0046353803229545716,0.0018593393999602249,0.0013498163102511347
Illaoi,0.0,0.002975792353202957,0.003005043183241836,0.005214823630668431,0.0042066803634549241,0.0067581289674416775,0.0055841205326818133,0.0058850582639996063,0.0064129194821896862,0.0081821109789346463,0.0061316421398116367,0.0075539339878870843,0.0093506266274258898,0.011901050314877405,0.012191140515410408,0.011096747536364136,0.015107749771317812,0.014451564957335569
Corki,0.0066900773739608857,0.0038284381989171909,0.0041389692635919184,0.0040505666809858027,0.0046917957266325687,0.0054525344837957389,0.0078227124673882036,0.0090528052673842976,0.0090646744297165731,0.0095153014228765796,0.011866920852820083,0.012321303412298737,0.012607607766200723,0.012527664412784467,0.012982625927010999,0.014857639964770752,0.015806474644551628,0.016369968476346621
Braum,0.0082086610842662753,0.0059105063528946044,0.0025645153722418101,0.0039404144849713709,0.0038143719700091277,0.0024063807223764166,0.0041792765121002251,0.0026440764353438864,0.0016011935258168778,0.0012462463294111198,0.00071279677424776586,0.0010959145578831239,0.00075630721146975339,0.00047643165930530868,0.00024564919840040452,8.0818331860889474e-05,0.00040290661154836335,0.0
Anivia,0.0075394307172311501,0.0063530805000920273,0.0052833765770722478,0.0041017180019000234,0.003436023333307817,0.005388420861407275,0.007459748505160152,0.0069433362851574311,0.0083336972981112346,0.0075504717536188128,0.0095529357156860679,0.010171924302846969,0.011705419553326116,0.0097947105163029968,0.0096688458244662129,0.012934477761420425,0.012407245995975185,0.013498163102511345
Tryndamere,0.0056054028375935941,0.0039775808348402261,0.0053752613871082865,0.010292191312376308,0.0060553686569598635,0.0043309986712133687,0.0082933246282479375,0.0066969335168709987,0.0081525299655435986,0.0067815442245808891,0.0070334446919795854,0.0076332831379511508,0.0056991296278487364,0.0064525418205914637,0.0057033335628615652,0.006880099729722677,0.0098741315960620638,0.0058100789006461885
MissFortune,0.0087280913948531366,0.009644435457971029,0.0062200164866048494,0.0080129108496240099,0.0076258821930969365,0.0073466708096632284,0.0083390021477150519,0.0073494650959197213,0.0071969580367079377,0.0059956165519673837,0.005945350788026482,0.0054671863770287595,0.0051463694625203367,0.0055685102733985534,0.0040075489277766503,0.0036397460782651185,0.0040323023131667527,0.0034082281017872884
Yorick,0.0021704421761726041,0.0034653166364138331,0.0086455253079364049,0.0066419865371676514,0.0070340140964685292,0.0085526286891132678,0.0052985129569361822,0.0060505403828071307,0.0056820663396212967,0.0075274379776773285,0.0075293659259555671,0.0064039047650039111,0.0071569741436265872,0.009636913108675562,0.012974123698344596,0.010898229599422974,0.0084515427270919312,0.0067490815512556727
Xerath,0.004355549502184212,0.003090687810855581,0.0054618690290003649,0.0056277372416271851,0.0058814813813377054,0.0063940757409467631,0.0043497927315388251,0.0078055475112178861,0.0096287989052501414,0.0085482077725760608,0.012537758125408761,0.012301887739841194,0.01101110143583631,0.010457353008468211,0.012740977427169628,0.012636055400412042,0.012518235825021784,0.0073875081844825621
Sivir,0.011146190080517523,0.012687852410846613,0.0058924113409998839,0.0068850794161936721,0.0085917086806918813,0.006925541463082184,0.0078676046140097062,0.006134298892634997,0.0058359897505505191,0.0067174854494847841,0.006467295516202622,0.006300982331959624,0.0066106618882107102,0.007454027315183057,0.0087813394103977444,0.0093278795130507866,0.0086977126109707929,0.0086648871212806986
Riven,0.00437243147699888,0.0069810012471941459,0.0062202544003321526,0.0056070723557950179,0.0063260119508574157,0.0081804255425025757,0.0074163778743161967,0.0072139125577405615,0.008666802931393297,0.0076073330400418049,0.0082986950025066928,0.010207297219353283,0.0091657120900427123,0.0087516617882274581,0.0092948586589513514,0.012441089429341284,0.012161376889274727,0.01624488233848749
Orianna,0.0045605862542598226,0.0033606499298445987,0.0044250974433274505,0.0041868914318374363,0.0039081843627827685,0.0041471521970067602,0.0045934863349112046,0.0057630074141781038,0.0074084868225658242,0.007851828755263043,0.0090109149763272674,0.0096342072439537657,0.009355625812688036,0.010038123368710218,0.010262120594400572,0.010715851063269366,0.010538063537966989,0.0114541555469882
Gangplank,0.0056488555727687391,0.0057813674925003278,0.0031732312303143734,0.0050973385052681978,0.0053688588382929028,0.0056655505873430692,0.0051110023871760541,0.005126528564271403,0.0050811116994550808,0.0057126186491301542,0.006157872233744097,0.0079718826914433848,0.0099403423741547727,0.011747484776359209,0.012766182684312224,0.015054763679202899,0.017282751753205327,0.023522835295428014
Malphite,0.0027547919928344587,0.0043982865000637113,0.0030481018713878348,0.0035594235545334339,0.0037199113010170102,0.0056404779703088633,0.0062155632764059063,0.0048454190153524139,0.0060900095640043636,0.0065915579428856026,0.0054221293083804413,0.008197503338239721,0.0060559011984532667,0.0061610350472558299,0.0061897824190956623,0.0055329473350916635,0.0081729204393856045,0.0049320211336099156
Poppy,0.0059597673847977877,0.0084009250391022024,0.0046338460233692124,0.0049620718013053088,0.0056769081158998718,0.0039016324236361808,0.0047901099145914814,0.0054043740306166819,0.0060441170434202543,0.0059890649186432757,0.0057066488373059519,0.0061539080214963781,0.0062541706773456543,0.0062141474183528616,0.0064326391477677134,0.0073330216555037939,0.007123352648701761,0.0060559599826484562
Karthus,0.020842259973500435,0.0097717127322431655,0.0077969460340627395,0.0078967544326418188,0.0096494327327997838,0.011502652360035505,0.0068281067666752654,0.0085967179671919847,0.0082278420206525465,0.0087253432748392555,0.010438851142491098,0.012088806543423621,0.011822643604116645,0.012387773293969555,0.011360566277062587,0.016362445872020497,0.018219195044150007,0.019919921991927828
Jayce,0.012507204624044692,0.0060794320967120447,0.0068825359601208903,0.0076378979061865028,0.009711177057660822,0.0058851667042768389,0.0073833760296305121,0.0090071344755699861,0.0091243798706328472,0.021379130300895995,0.020235462324570453,0.0087746168898831245,0.0071417686979780206,0.0067215318671065014,0.01116681505941536,0.0,0.0,0.0
Blitzcrank,0.0062123370450654636,0.01137720028332807,0.0060853176646635705,0.006392912042023865,0.0071057897505141252,0.0072846219146769069,0.0067819614187314527,0.0050480888807904788,0.0035875291302455885,0.0025568548968433521,0.0023533355234810647,0.0016726054242975287,0.0010694381644462431,0.000811270746393606,0.00054610469648644344,0.00051989003446226937,0.0001524604099821613,5.1651134320834231e-05
Trundle,0.012872622491862402,0.0094857054471420132,0.0083267962643258468,0.0060604301122543554,0.0070198326164353257,0.0051642668487394423,0.0047247108625214345,0.004140577174409488,0.0031971442399435961,0.0032744476209829892,0.0026311069869698637,0.0032212480898761255,0.0029386469870835434,0.0022471327340966977,0.001637189646021129,0.0016573344552117887,0.0030295358886777862,0.0019594107729451957
Sejuani,0.0,0.0103959499092415,0.0043227626539682025,0.0079703838446011817,0.003956632929263547,0.011319655617944031,0.0021675734823829837,0.0097240827580828883,0.0051138597056591666,0.0047265308231927402,0.010092554326280867,0.0073891208826968209,0.0048309575469479464,0.0019273826217351124,0.0049688133312809097,0.0065389377596537842,0.0,0.0
Graves,0.0056520520512813996,0.0074435557531171859,0.011426509039401459,0.015986962513089932,0.011428900913374286,0.01155785791182141,0.011225382778136754,0.01115906777499124,0.009797574576513297,0.0095036353154700215,0.0097717986668442603,0.010342133793641729,0.0099742150690664017,0.010331217682176218,0.010210102828298578,0.012474415815228953,0.013242508655534817,0.016681635363424634
Morgana,0.011573093829861101,0.0069804044273901631,0.0043538058328117801,0.0040138108948126238,0.0055478102652689954,0.0059463756441838836,0.0060357387274255067,0.0048777535414871792,0.0044436411086876777,0.0031736490626105653,0.0027904010166018914,0.0020721376694384981,0.0019398997690018385,0.0016367180970928332,0.0012756558462714003,0.0011622169447140476,0.00075107964989416624,0.00087241269603304937
Nocturne,0.011019167971337835,0.0,0.0091443056141635067,0.0095542421726950068,0.0072538270369831691,0.01085525949002838,0.0097818700743437202,0.0093251460295461549,0.010096594803480918,0.0099984305875231039,0.011183141698534661,0.0097953217855237338,0.0090838517976798983,0.010600604419543119,0.0098102211925289746,0.012910210448547215,0.013025591950270806,0.01012362232688351
Lux,0.006081333267200598,0.0043152999623266601,0.0031401200410901093,0.004549134175456335,0.0041059398322546249,0.0061083424655320627,0.0078727904784664966,0.0046418734675376808,0.0068988862066911398,0.0067033503184274409,0.0074810038806664104,0.010275060548202937,0.0085225383139553388,0.010200581611258473,0.010054815656224103,0.0094999661791196482,0.0078934219809632181,0.0068764227126001205
Shyvana,0.013155537271903335,0.0,0.010674577165921481,0.008051714291995072,0.0044411185940713286,0.0076234415386153683,0.012164953217455522,0.0078586464738792331,0.0084187350256429826,0.0088421494991700929,0.0090627018440073079,0.0079621547470692267,0.012291007636452599,0.010384265553838156,0.0061349633988264287,0.011743398425500673,0.0024393665597145808,0.0012396272237000215
Renekton,0.0050643650777360757,0.0055830101364445087,0.0057636835386242705,0.0067157863875806252,0.0073270980171547175,0.0065402454681454409,0.0066231411961702284,0.0068428730519842548,0.0068184796075455561,0.0068563873052487284,0.0080366636301866159,0.0090311477455183378,0.0079323130091861344,0.0077452227577133222,0.0087414308605867838,0.0083553093595576128,0.0078478611037282233,0.0065445639284903495
Fiora,0.012316752237121543,0.011542419151569066,0.0065770631781871345,0.0077022213974931048,0.0065623407213081381,0.0051823569769877103,0.0065067719863683583,0.0070910071402244318,0.0076405206069599264,0.0073209692376680086,0.0076778871229837616,0.0085483611557579178,0.0098334818105164732,0.010263762783781934,0.011731662379370096,0.012705094955439455,0.011990132579182758,0.013510778208214629
Jinx,0.0052729760844438724,0.010874291162734208,0.007438864567104791,0.0099507552906523949,0.0092119153169050068,0.011076595527988177,0.0096543456945401597,0.0095152834350565683,0.0078799453746711285,0.0094627273535903729,0.009729894617799259,0.0082277634368679315,0.0091284351193863036,0.0089097104630515775,0.0086344562950019486,0.007612045643523347,0.0049498189547582672,0.0035401624087874851
Kalista,0.011529812340741297,0.021755426883241967,0.012293515254943719,0.012616534427185772,0.014012270764123588,0.012390881564227515,0.011049337995562038,0.012314009190235696,0.0095126105744294098,0.0089611950241345294,0.0075817237377914801,0.006661022142060353,0.006653367548398229,0.0079633808810226341,0.0062655524201761714,0.0054384823805900982,0.007579885358722868,0.0077038296731406228
Fizz,0.0031599084623689382,0.0030831125956328957,0.0075754296509491781,0.0079508485900800993,0.0087472620151855876,0.0087893796562859543,0.0092918775016858791,0.011115961270514362,0.011213725040840852,0.013507683676085137,0.012089155584806317,0.012032676260940608,0.012069500145887925,0.011224169385398596,0.011654790093225073,0.010489545989444612,0.010400191496626257,0.015334310289250022
Kassadin,0.0024306988172068753,0.0025872273529786538,0.0038728823777633673,0.0063474550074651952,0.0049234120160519257,0.0067610612740661175,0.0086310618303032834,0.0095832815597758064,0.010011749468997886,0.0099592210558073282,0.012379199634206816,0.011989768092918915,0.012583806460903625,0.013766395784655543,0.011067413404176595,0.015378338916651829,0.010546673067001277,0.008657758460547435
Sona,0.0082012891389728164,0.0026188270763738129,0.0025408604912637526,0.0043502476709082784,0.0029901271755503143,0.0062733358615476072,0.0043682396896878445,0.0068588186782202968,0.0051528968026489314,0.0043657269435597064,0.0035109322029264959,0.0022336579156854515,0.0022986999014739593,0.0012947303107838921,0.00062584290050484738,0.00054907110958924907,0.0,0.0
Vladimir,0.0054169859354896086,0.009609701596777858,0.0035962479222088409,0.0038679803951741031,0.0045717397291910739,0.0052317736049321151,0.005610190189697134,0.0055729617151365797,0.0081936351586471799,0.0093934835267654049,0.0092626143846839416,0.011201658884357197,0.010717418423481158,0.0096207166160559385,0.010334296634386765,0.012693232121680876,0.017075565918002064,0.014802607435947317
Viktor,0.0066319066494162898,0.002470642416702455,0.0037423917420928423,0.0035177928696850892,0.004164234039749597,0.0043042641115145202,0.0027964373939385404,0.0041267326519641885,0.0070315570952813539,0.0042524189350638397,0.0038180827213178939,0.0052179964751883721,0.0090481051586612515,0.021724695477088368,0.012947285972018233,0.013542059372616325,0.01899920220197452,0.030183392493115649
Kindred,0.0030696253634441115,0.003267298542904471,0.025133777145215121,0.01064615556386015,0.01554391507924965,0.010317057548926131,0.011581035463017655,0.012835789240669412,0.0099111471438251466,0.010150787625047267,0.0086095667518069421,0.00882472151133506,0.0070854044021903219,0.0081776091236475477,0.0050752879026655,0.0066790578545035083,0.0068302263672008262,0.0026032171697700454
Cassiopeia,0.011152074602571076,0.009529620750138041,0.0047967497870787506,0.0061525770028500347,0.0063630061727922536,0.0062440147144009993,0.0066754291529820984,0.0074750332078947117,0.0088682601182203443,0.0087159808162579587,0.009425408661229092,0.0098273147178206104,0.010022118068887625,0.010368135024377698,0.010687670487788067,0.01080502105679633,0.011140308904836874,0.013586966807133132
Maokai,0.0038909146328947901,0.0047331154058335278,0.0039010297121176468,0.0046817905103450031,0.0043587297716683789,0.0035891590983724978,0.0045554288227317181,0.0054075387044948738,0.0055296206573387744,0.0052196783481058048,0.0059898899660040918,0.0061155488281181818,0.0064020006516464648,0.0059231758619176615,0.0061403221654853513,0.0053959527041045454,0.0053668768711237092,0.0042873877260194027
Thresh,0.0072937827639814237,0.011163539867852491,0.0044769940271524008,0.0055393772755466582,0.007214286849962945,0.0056211233373348428,0.0053523382867762172,0.0043623449558436271,0.0034937105620426682,0.0022200017171702274,0.0016307698746804531,0.0012083299758622156,0.00096555312715675839,0.00070915837296249801,0.00041981301931783694,0.00022277104607343787,0.00032577268971411275,6.0199934550347927e-05
Kayle,0.0051335031675345212,0.0050737912526332236,0.002758896301338068,0.003441138417549657,0.0043077334622357395,0.0021248500306720879,0.003336435633292579,0.0037967067151013054,0.0042877299238575717,0.0068021177375868231,0.0054670052932706209,0.0060474784562139852,0.0077383256269655384,0.0087554480188717903,0.0099800226807468095,0.0089603532781603896,0.011626537203554308,0.010780102955589267
Hecarim,0.0040798818121725536,0.0032569589905535076,0.012940928704601012,0.011514177927406454,0.0093657007312947255,0.010560235684081962,0.010714398036336141,0.010831889654573344,0.0097907757022904929,0.0093782747662716718,0.0090340224077920962,0.0086424654374833692,0.0080159242841235448,0.0089232935936660422,0.0076969434356392568,0.008308175666142387,0.0069977398303204662,0.0090343718233580686
Nunu,0.010232084544813703,0.0027227487857537256,0.0,0.0041749629662196667,0.0041450440211332398,0.0053364090770307571,0.0039738847177021369,0.0020374268635983193,0.0035715845563333861,0.0016505345731784172,0.0026432880378354649,0.0027093443236555007,0.0012652507861054144,0.0010095813732898208,0.0006506779362391666,0.00085628946852609074,0.0,0.0
Khazix,0.0050361041119004954,0.0038416283648993977,0.019140889087522095,0.016456040551031073,0.012776369574123873,0.00032588227306346685,0.011306943860836862,0.013161697951858285,0.024094069859300016,0.011535689290354784,0.0004956165070941497,0.011906298297314214,0.017492092117907358,0.01153643902845591,0.011998907817960383,0.0072700982806306966,0.01715894270471106,0.019468200279393562
Olaf,0.021298061442398569,0.0073046432181674845,0.0078552405055589587,0.010428211461879078,0.0077651099999423356,0.008831326034968669,0.0079302633353262892,0.009801190022243899,0.0085080808318822847,0.0091615575427524496,0.0083839973006235025,0.0081638392836139335,0.007413143372335688,0.0083123682232540755,0.0071029952687253527,0.0061788640944746114,0.0069769107440294789,0.0086965037609792271
Ziggs,0.0067635813092836354,0.0088604706248256847,0.0071383150847610525,0.0084914501007857628,0.010116717610901467,0.0075975993639081979,0.0072742296527428946,0.007459054280292152,0.0082176712461399532,0.0086023623941078528,0.0089858992860072477,0.0079115478313039576,0.0077201742881008346,0.0081622087298177035,0.0078743058724536439,0.0067922622249188217,0.0075248256587805715,0.011030581227839176
Syndra,0.0055790668697611821,0.0035630036039091787,0.0048326434121143038,0.005821100070482095,0.0057470973853842918,0.0087013554534967393,0.0072697327254105859,0.008077913852003871,0.0086242638953005733,0.0083567496008476998,0.011271231188040246,0.010949931658216002,0.011773965772185696,0.010836522915527017,0.012265375637861443,0.012005838987494893,0.013256364787232315,0.015005190956315471
DrMundo,0.0,0.0,0.001251326031411848,0.0069216491282062887,0.0045813644444104226,0.0026213939325765122,0.0043921883721970978,0.0033778392738603715,0.0054278686349540283,0.005472825163696857,0.0033388901530553242,0.005561285716977081,0.0037291602116791165,0.0066951185807640739,0.0071917035058013156,0.0037857008082206114,0.0015727494924475587,0.0047954000495763994
Karma,0.0075316581082443147,0.0082524550825937674,0.0049021019787268277,0.0058569995921976519,0.0072508357681019403,0.0048471465540919929,0.0047489970770724921,0.0036963544273817756,0.0027604298369929272,0.0024370057893877625,0.0020012687989550159,0.0017697325396578611,0.0013805581773339904,0.0010491319837898343,0.0009353663033937051,0.00071186786331900985,0.0007886446939448377,0.00055105902975200957
Annie,0.013960725523008529,0.0080759497882525767,0.0069848029324005995,0.0064393496597625367,0.0094668590143678656,0.011607443472637523,0.010843990500848203,0.0094878479792142086,0.0094283778754055067,0.0089100891789377287,0.0095427178315076952,0.010240403121613166,0.0095072516696056587,0.0085643301242636482,0.0090322920301674162,0.0092450235839172858,0.0086101370518739239,0.011667903698780995
Akali,0.0040069701713955769,0.002665628181856795,0.0036577222456654025,0.0035764542892441202,0.0049711541931772773,0.0081849817545133763,0.0088370303512537024,0.0089262093010094214,0.010533676829605633,0.01139215121487481,0.013345831911309131,0.012807809530007822,0.013171585106635854,0.011860816133754538,0.012740547003284381,0.012071885094745449,0.012120069515225242,0.010902362505874549
Volibear,0.025279267698951505,0.013453582235488998,0.013985408586367714,0.010314614387130942,0.0076805227450410041,0.0058595864375239693,0.014025475474242835,0.008808874969086852,0.0077209254379559961,0.010194478246101989,0.003731700759297127,0.0038249566922195308,0.0041678849424648945,0.0049885197268438198,0.0016075572542379412,0.0021155386869468125,0.0035155576890004252,0.0035730431741941801
Yasuo,0.0082138293364330192,0.0078684941973616862,0.0053803192665598121,0.0054293669767122733,0.0049246165205206836,0.0049882641423416967,0.0053957333781643685,0.0060842426064335138,0.0064222988352416847,0.0069163455623783678,0.0068870991077547893,0.0076806183120142184,0.0069608139578092995,0.0088500458915451719,0.010321304144564395,0.0096234366875638643,0.012062555740239992,0.010402254134045441
Kennen,0.010328696501889199,0.0065766653073914038,0.0053876835824565074,0.0057571485023449739,0.0051555096880876094,0.0060494571568514626,0.0058533786914822892,0.0063903500082302658,0.0067277616385181252,0.006723980329875338,0.0072287688313680612,0.0075629079317834245,0.0077392078126928623,0.0088626512486137312,0.0088670926315304807,0.0094463796133024205,0.011234696374376466,0.013451817478125043
Rengar,0.013638981291917599,0.0048390947239008312,0.014296887619471671,0.01562124227895109,0.012213570690332465,0.013283578051435879,0.012744752769467878,0.013340835142492338,0.012110773913179466,0.011849661907885585,0.011197180062278518,0.010445155956008178,0.01013891387173114,0.01057699505557977,0.010134055251938737,0.011093621020971649,0.0082525563568072342,0.0091315524329350136
Ryze,0.0052229891939982445,0.0059484847074269542,0.0085068270409641641,0.0068835133203373842,0.0076593642801786313,0.005690094267843524,0.0058304249285488817,0.0076648652328418056,0.0074748038478440575,0.0092845578737226382,0.014811151154152441,0.0097836702168755778,0.00969636042399891,0.0090803427259285238,0.0093397747911510131,0.0072033218100998903,0.012144653834728743,0.0
Shen,0.0054713229857684389,0.007411927250107365,0.002531617943180452,0.0034501430068065303,0.0029216803343404436,0.0048422971254538354,0.0044706203074149041,0.0051501623496513068,0.0042536579959109432,0.0050547621303589033,0.0052131514079532789,0.0044779440904861752,0.0055764756869090496,0.0048095334866445627,0.0053138698126198609,0.00541127372471349,0.0035969363392087681,0.004077570103883636
Zac,0.0,0.003267298542904471,0.0048908971742040236,0.0077654311171685792,0.0072123765967718372,0.0076844290709242903,0.0062673838976330838,0.0068457542616903533,0.0066431472747800983,0.006932245207349353,0.0067970263830054809,0.0065953181821556761,0.0064780840248597222,0.007511285417276266,0.0064026708925934003,0.00575426522849533,0.0051226697754006194,0.0024296693584520425
Pantheon,0.0098368538113230465,0.015214673472323395,0.0093876304845833067,0.0092816773240420054,0.0083434577077746326,0.010759340761891294,0.010983612696138095,0.010375137226006035,0.011212936064196877,0.0097438210532485546,0.010255503803447471,0.010883889643525961,0.0097817099400767677,0.010100146700165546,0.0082102709551208162,0.0075118269256108563,0.0070109977374343251,0.0038235140118701668
Swain,0.0095076891788091946,0.0030359853717253937,0.0033663992349486889,0.0054311465135777962,0.0038515895771592053,0.0039668881634564923,0.0063300818512069439,0.0070047817390083821,0.006471521574418237,0.0064414667855901076,0.0071579304387402853,0.0093508343913773929,0.010032431011950898,0.0060038821491217656,0.0082227264862790271,0.013048942166388746,0.0084622273575939433,0.0053753746868408017
Bard,0.010599154842385496,0.0092304846727794473,0.006396913344437251,0.0048161848567713416,0.0076116391329778552,0.005360339162577981,0.005773715912715212,0.0044129021305739386,0.003994008514509588,0.0026423356171510985,0.0020624758680868648,0.0021869147007084764,0.0015092229107804495,0.0014260902806560248,0.0013480412849439236,0.00080637124838779846,0.00013400107783185478,0.00054476891445113054
Sion,0.0082292084211480435,0.0072992839788291368,0.00607026245025322,0.0048500633607573146,0.0038892859857867211,0.0057224471804755359,0.0045657398884237314,0.0053710040085070583,0.0059045131920660455,0.0054572994185516184,0.0053315682124851502,0.005603154643815206,0.0054271182655074805,0.0045108954976779223,0.0032561585234777025,0.0030607793768592179,0.0055949726624942939,0.0038771319549766631
Vayne,0.011838775506396022,0.012601151405141212,0.009431482154112443,0.0066419865371676514,0.006714286182992686,0.0089871205209131402,0.0092614503338182032,0.0080739353809536705,0.0090913061433940748,0.0083549787278659558,0.0094808843671123303,0.0092699880164741934,0.0083443812174555428,0.0090528577687558308,0.0079802153502390363,0.0078269103486764986,0.010372347892340098,0.0066933040177742219
Nasus,0.0,0.0,0.0018288611228327012,0.0016860427363579423,0.0050218802563729639,0.0019156340276520669,0.0027511509584091719,0.0041140350130350681,0.0036059267155288998,0.0043326532545933452,0.0024399581887711986,0.0050018664436716946,0.0034064444241299623,0.0036694399913803099,0.002102190255541923,0.0055329473350916635,0.0057465846839430028,0.0023362205369731178
Fiddlesticks,0.0043851790906344447,0.0,0.015526657695885787,0.01431415874132457,0.010658684625771188,0.014230424205415353,0.0068123738017750908,0.0078586464738792331,0.0076533954778572567,0.0063663476394024672,0.0051786867680041759,0.004644590269123716,0.0025305015722108287,0.0060574882397389238,0.0044617915627828564,0.0073396240159379206,0.0,0.0
TwistedFate,0.005968715984474661,0.0025755731757129839,0.0036769445097191997,0.004278396733400784,0.0057181068985227698,0.0074410589032070521,0.0060861297478321018,0.008624648175975318,0.0090375568672084669,0.0083790651530273701,0.0077512635704094042,0.0082622797617782611,0.0078194778312460755,0.008037995843647559,0.0075912425894569448,0.0083700366968541308,0.0079865447199063723,0.0082539443295761954
Chogath,0.0,0.0040841231786305889,0.0033964563709750163,0.0015656111123323749,0.0093263490475497899,0.0071152121027076767,0.0085154672522188644,0.0068763156646443283,0.0046877047301875693,0.010522157904012411,0.0062306075177550246,0.0063863116200451094,0.0037957523583162433,0.0098434183895757532,0.011712202852304999,0.0077066052167348168,0.004268891479500516,0.0043386952829500757
Udyr,0.053718443860271949,0.0,0.011887597298412558,0.010959277786326625,0.010880740555474755,0.018677431769607653,0.01192165415310641,0.0026741227584727943,0.0070315570952813539,0.010831633136483365,0.0039649320567531976,0.0060960247282248773,0.0022141888756844756,0.0053003022097715593,0.0,0.0,0.0,0.0
Lucian,0.010093235798380951,0.013608059693307768,0.0097781071723894528,0.0082366179604960021,0.013901906513466702,0.0098001277343661587,0.011722545106707973,0.0094682926897074315,0.0096690026585079716,0.0084844024066984512,0.0091383820264207306,0.0081450017245593351,0.0083390328428701328,0.0086531029812972008,0.0087291365725947496,0.0071703070109773483,0.0073613869771762559,0.0097009241086420273
Ivern,0.0046627220710543467,0.0024814925642312438,0.0073088301653892757,0.0080856877700203663,0.0071620064415783193,0.0056291234989775925,0.0053895362355815598,0.0042553852214395277,0.0046792278681076641,0.0038860687419137421,0.0036422883993320514,0.0036451214770338025,0.0028508182269210603,0.0031437597193581762,0.0024215102943584178,0.0023412471544510837,0.0012968784241520557,0.0012082442560114135
Leona,0.0081902560145706103,0.011281703488952658,0.006396913344437251,0.0058973692123730718,0.0066357879620832583,0.0059187078253465199,0.0053994935850392254,0.0040771378380302691,0.0033213333962763946,0.0023314726033686166,0.0014935170079249712,0.0016037374471862158,0.00087376063255710241,0.00071304514032801238,0.00030637301930543722,0.0003225484993551194,0.00026800215566370956,0.0
Caitlyn,0.01074368877205439,0.011923647426392231,0.0081473532703754369,0.0082328233126551225,0.010615356639487565,0.0083061424211182001,0.007560073365384553,0.0074484102199412951,0.0073402596019034629,0.0064989798818900187,0.0070014897782666227,0.006760144495364823,0.0074958394132928095,0.0076272641555249262,0.0080652323706523043,0.00857438149520455,0.008053628193643048,0.0092594106648324782
Darius,0.014635365509919292,0.0060187078421924467,0.0064774523978966252,0.0071930863489202621,0.0072762847058283186,0.0053969875082457612,0.0059054633575759304,0.0063582856919724645,0.0071984567992973199,0.0065995832856344458,0.0096729611787043958,0.01016633226089928,0.010364871764814015,0.0098457626187706971,0.0083762193773450622,0.0081281223235324905,0.0074011740821061586,0.0080863608679131449
Gnar,0.0,0.0067267911177444992,0.0037294422896980571,0.0042977559946378923,0.0051203484966940022,0.0024414943489683206,0.0051426743405557068,0.0029362916563622841,0.004779620509210855,0.0071361347722713924,0.0065304763287699725,0.0050999422562927081,0.0079884461397243828,0.0066513596357917603,0.0096453435254276482,0.0049362569362092299,0.0070311153780008503,0.0095281151311844801
Zilean,0.0035225209088702919,0.0048741666787591289,0.0038975728847254285,0.0051742163974788005,0.0049944382877589039,0.0044090986472516422,0.0045341373172470278,0.0049098647368680812,0.004303466637549244,0.0040343394239492139,0.0034319411901076857,0.0027715259966574306,0.003136162604248175,0.0024329256044853058,0.0029568512118933934,0.0029478817768930992,0.0031351858734692318,0.0025889919393341436
Azir,0.0027199212081150353,0.0072376866456744619,0.0042133256247538177,0.0033294008464789747,0.0044073885794328124,0.003152309159427452,0.0042253964086959427,0.0051451475859223385,0.0042723384882722149,0.0054843712083460072,0.0078294860867531499,0.0080251464776631299,0.0082962013569949974,0.0072459827677889667,0.011069761345638481,0.010015335049596301,0.0090781489690643889,0.023835363959497882
Rumble,0.0044369216167776237,0.005734639035481299,0.0048158211277738189,0.0062932332617647484,0.0071896338773638499,0.0062441758128481822,0.0064004160939981321,0.0076358431569370638,0.00746714027817489,0.0079240266013211637,0.0080624183808904754,0.0087913827611240444,0.0093008995839961445,0.008005176198829022,0.0089751328314287403,0.008628568803790931,0.0094024748417710479,0.0094964952800854173
Taliyah,0.0098934687972874955,0.0069106890044166513,0.0073891252272147113,0.0073797726676271373,0.0088298383788313114,0.0073813926993557344,0.0085081157696989627,0.0092959432870075836,0.011115593374603043,0.011296068629241932,0.010588365319904943,0.010385170184486698,0.01139271858913336,0.011103942471118547,0.012189678747962519,0.011022108756020731,0.013844721431358509,0.015819070283446753
Teemo,0.0054261054404315104,0.013283713772919693,0.0062439905001762932,0.0073061851908844165,0.0054953235128660377,0.0060371496629034833,0.0068639826942127821,0.0057264042908710339,0.0059661696566023614,0.0060394560518573911,0.0064880706383234144,0.0074712222258378974,0.0074253606740125842,0.0083519913608521533,0.0086954233297415907,0.010171680959461442,0.011469950843910478,0.016872703878139186
Urgot,0.016882939498942613,0.0057177724500828246,0.0081514952903400401,0.0040705888920641751,0.006839322634869846,0.0048027681693276819,0.0066420644567307145,0.0076403507384936982,0.0062949177805375926,0.006932245207349353,0.0079298641135063953,0.011147016645896918,0.008603705345516818,0.008934795153614913,0.0099553724244592495,0.0079634920572926437,0.0093915612549011363,0.0052064343395400907
Amumu,0.024793127935510133,0.0043982865000637113,0.0018288611228327012,0.0084302136817897121,0.0050218802563729639,0.0057469020829562008,0.0036682012778788955,0.0049368420156420817,0.0064906680879520187,0.0039993722350092423,0.0048799163775423973,0.0050018664436716946,0.0047690221937819466,0.0057080177643693709,0.0063065707666257699,0.0082994210026374957,0.0091945354943088042,0.0093448821478924714
Galio,0.0047749727875797295,0.0050824644000736219,0.0021133506308288991,0.0029224740763537666,0.0058030616295865357,0.0049806484718953742,0.0042388103655489461,0.0066555944210878433,0.006250272973583426,0.0042363720711579376,0.0031719456454025585,0.0032512131883866012,0.004329969356894085,0.0028268278452114981,0.0036437964429393331,0.0055944245277037927,0.0026561991428003212,0.0013498163102511347
Heimerdinger,0.0,0.0,0.0078165023332027773,0.0042035586029745952,0.0029810248097191109,0.006822806125884073,0.0035928272790183699,0.00674025462409581,0.0043666290637363655,0.0059351414446484185,0.0043451310210993943,0.0060125175401670016,0.0055809692209033354,0.0034851302201237646,0.0037436264824719178,0.0029559581653229431,0.0081869151661653726,0.010817021116396078
Ashe,0.012862162614431311,0.013220671040684466,0.0062507553869587161,0.0057883509434823715,0.0080200763718757586,0.0074388206343742524,0.0072061641887908468,0.0072188759911824265,0.0058211169067352688,0.0059395997668603611,0.0059660127896215961,0.006353603237868182,0.0057901558861795915,0.0059472874560347541,0.0063349454003566756,0.0062684007220624735,0.0057519805381063297,0.0066659062504479455
Velkoz,0.0072348072539086799,0.0069306332728276661,0.0049631719360375658,0.0053135892297341211,0.0071805560568116225,0.0080495328838713111,0.0077069279373617201,0.0081394174197286402,0.0089650380025136003,0.0077024946748326141,0.0087041606094379973,0.0087027423729540334,0.0090058591307301226,0.0070670696130287446,0.0066250844417078793,0.0082342179195640242,0.007445406688152416,0.0081807049106129379
Singed,0.0030751166431640473,0.0075691442094119685,0.0050187351742850871,0.0040778708042145577,0.005216526777937807,0.005123207283255527,0.0045212713425018944,0.0063911055551335479,0.0056353087275242339,0.0048364501446623393,0.0051352608391579879,0.0047692214928032432,0.0038976061783068403,0.003792702833468021,0.0033243938924849017,0.003088156652144184,0.0032073961026658619,0.0038031497113515866
Skarner,0.0,0.0,0.0076080622709840369,0.0087674222290612999,0.012186429422131726,0.013945815721307047,0.0047686616612425646,0.01026863139253553,0.0090003930819601338,0.0055457961658794824,0.0076126695489661389,0.0084531542898051634,0.0063768639619712891,0.0076324351820710448,0.0043725557315272001,0.002877132614247665,0.0,0.0
Varus,0.008990314558459998,0.011332017823751133,0.0082256239686593364,0.0072829455511776641,0.0093605783687421666,0.0085305943976676339,0.008838417441622809,0.0086733964488170685,0.00857481785243021,0.0082052205017255925,0.0078309105852977269,0.007414070691402771,0.0072943085447065769,0.0077708370053709772,0.0081310064985580435,0.0075588968547796193,0.0079110800258715211,0.0082782348462061891
Twitch,0.015470911831758321,0.021041402616304793,0.014074915201320468,0.012274391120685822,0.015204021469516724,0.010891017991877885,0.013606581273412115,0.012322357671042635,0.01005043894152215,0.01220075156493486,0.0097272999792345112,0.0097969890743382915,0.010250218368501998,0.0097808243444317839,0.010931389328818,0.0083436845813182284,0.01115603639976135,0.014092082279021846
Garen,0.0,0.006181375621711162,0.0032128641347060967,0.0023695735754219729,0.0029407406906688527,0.0033653030215509286,0.0045108961660402635,0.0040473209317426076,0.0050677888975000753,0.0051523444108677622,0.0090014673720883401,0.0070296501370521111,0.0078992684213608309,0.010887107241692931,0.011079110806234461,0.0082620362233463349,0.0072686530596900688,0.0041041712136014232
Diana,0.0,0.0025412322000368109,0.0031700259462433488,0.0029224740763537666,0.0048358846913221128,0.007747675400726137,0.010067174618178746,0.0066555944210878433,0.010417121622639044,0.01039836781102403,0.011982905771520775,0.0083086559258768698,0.011809007336983868,0.010836173406644075,0.018218982214696665,0.01678327358311138,0.010624796571201285,0.0080988978615068076
MasterYi,0.010232084544813703,0.0093351386940127741,0.017144017872540558,0.013121312179547524,0.0088822371881426571,0.011858686837846128,0.014922342613412106,0.010187134317991597,0.010332083895107294,0.011435846685593319,0.0088469232286738,0.011279719225014738,0.0084350052407027639,0.0089420064491384128,0.012641742761218096,0.01198805255936527,0.01057058842542985,0.002479254447400043
Elise,0.0024717506194530362,0.0024814385012124152,0.026342294039567279,0.023070354179216202,0.018512904453602538,0.01221398239643885,0.014218715358554625,0.0122764955918385,0.011152447854825328,0.010334935501937172,0.0088773014729501658,0.0076244136731575974,0.0069279509710305368,0.0066790736342742258,0.0058943765988724514,0.0048704401770597724,0.0037655529024404558,0.0033983610634557978
Alistar,0.0031414294655129791,0.0060187078421924467,0.0047272316742225373,0.0049989688148156528,0.0061721159876084869,0.004733072378263147,0.0040087433555767169,0.0032214578259964657,0.0029606556190658333,0.0020523094363863216,0.001507137916309695,0.0010457118442179125,0.00088049616109090248,0.00040294695162006004,0.00031963126692450292,0.00010515835578390588,0.00026212491540792641,0.0
Katarina,0.0050980596985143855,0.0096468568577847309,0.010320690800379267,0.0091680425769621668,0.010058470179577717,0.0107228372198099,0.010978816829925762,0.012050001322889709,0.012736716191335646,0.013614734655910198,0.014744808843742997,0.013584814332845597,0.012732558877398249,0.011997872137409084,0.010374253493078594,0.010523782519161603,0.0098732182548728984,0.0076327486436432801
Ekko,0.0023719832353886316,0.0064603403007429316,0.0053416995652607073,0.0055223373780451035,0.0061893043679194055,0.0054819475064043239,0.0065182031148802583,0.0087377829354773374,0.0090223096235558155,0.0096443736082766161,0.010411808595785669,0.011147016645896918,0.012387955423959377,0.012349015797831398,0.012138101137843364,0.013124582217590809,0.015135160700047284,0.014672678593249347
Mordekaiser,0.00079878726929772412,0.0085022638662941626,0.0072474570889950159,0.005214823630668431,0.0053392481536158653,0.004814009675437908,0.0044318416926046132,0.0064417529646482192,0.0062038025425530663,0.0065714592114278257,0.0075466364797681677,0.0087021319540459205,0.0084287338613416463,0.0088272691077236377,0.007416277146874665,0.0093587027415119213,0.0079982204671682523,0.0067741710737510476
KogMaw,0.0061217599840765755,0.010751367000155738,0.010295810765576688,0.010615824636327785,0.010415751642847628,0.010642411264733705,0.012499056206105865,0.010605068033601509,0.0091884354825328991,0.010664992626691313,0.010166492453213329,0.009216402058246918,0.010597827097293216,0.011174426311199298,0.011990270346424303,0.012090514547052154,0.010726958076693605,0.011594575998311029
Camille,0.0076823776701580686,0.010035526943807343,0.0093246158657103919,0.0077415483387702697,0.0078275316672104418,0.0076625361106082675,0.0075430617826805456,0.0092247094940166603,0.0086542241172693594,0.0092567629664767892,0.009055337785087476,0.010144630533643999,0.010862239684831316,0.01045130013194392,0.010777426098834647,0.010208677477422648,0.012367297742344942,0.010595253702892169
Aatrox,0.0,0.024504739071783532,0.013585825483900065,0.0,0.0031087830158499298,0.0088940151283845963,0.0051092803513313181,0.0061122805907949584,0.0040180326258750596,0.007427405579302878,0.0056641886525045683,0.0034834427018427868,0.012652507861054145,0.012114976479477848,0.011712202852304999,0.010275473622313088,0.0085377829590010321,0.0
Draven,0.0071426185742189856,0.025975475950514769,0.010669200899406284,0.015664784869098444,0.015311402222108521,0.013382905866311669,0.012681205525741999,0.011792807289442349,0.010544089310006388,0.0091693825111061403,0.0088304857995278978,0.0097266211730125465,0.0085378141688442939,0.0075173261257701889,0.0068888949371359968,0.0072725305000027546,0.007780971173161606,0.0053843088275945536
TahmKench,0.007504782598126228,0.0092493377868986867,0.0033215345392623324,0.0054796388931633126,0.0062404247303458147,0.0055849183232650331,0.0045144499182719127,0.0035392801215081101,0.0036881206333093377,0.0029946279847924595,0.0022448512380146778,0.0016136536045301144,0.0013350256456332865,0.001013293069515151,0.00070330629872909919,0.00052888467173670313,0.00010986117778126329,0.0
Talon,0.0047593042960700329,0.019887904174201127,0.0086207022246076303,0.0085588453261550013,0.0088902523324469705,0.010357624180684801,0.010405775241103544,0.01144234971960139,0.013105576472911596,0.012994405495318516,0.012841305791683039,0.014069031639654899,0.014763681034916668,0.013287714153455196,0.014527359075213421,0.015105536284811368,0.017453777796415562,0.015646353128669837
XinZhao,0.0,0.0069306332728276661,0.015850129731216741,0.015940767689202363,0.0052755105723513961,0.0067917933707664184,0.0043351469647659674,0.0032413609193609628,0.0090913061433940748,0.0047265308231927402,0.0062477717257929171,0.0054186886473110013,0.0069780497900359222,0.0032123043695585205,0.0074532199969213628,0.0043592918397691895,0.0072441794803645128,0.0092032930244395541
AurelionSol,0.022659416319241985,0.011227625901980818,0.0055331361970792992,0.0087674222290612999,0.0093376537130619719,0.0094179534741294334,0.0084968880509412956,0.0093351194477595718,0.0104322737995447,0.011028571920783062,0.010496256499332102,0.012886626819423255,0.010821344905163401,0.01117881920606365,0.0078507250634238367,0.0092852916187083738,0.0089103407608483506,0.014357137118125704
LeeSin,0.008041894419003286,0.0062571377216927388,0.018503959725609566,0.016032351219918396,0.014050420065069173,0.012470697859155848,0.013698552047233236,0.012637263865385112,0.011737216483551279,0.010237540936001261,0.010045535891655728,0.0091260252004942352,0.0078623331843083663,0.0073083615499148222,0.0063521205226552396,0.0054076113645987797,0.0046566327716853961,0.0039085291715085383
Ahri,0.0097134720404875308,0.0029763747000431141,0.0050807265165818058,0.0040834569286038935,0.005365844657494399,0.0074709727078430604,0.0069243580286535858,0.0080296946391402273,0.0089644326073175986,0.01020844328479528,0.010363137485322057,0.010555308570515403,0.010895022522546077,0.010310176901199472,0.010931389328818,0.012119428477824068,0.013754017479157828,0.010234566133205522
Malzahar,0.0078892972115034779,0.0087472296533648523,0.0074198975488306831,0.0092771040924539503,0.0094991472875944824,0.010184803861448469,0.0096662060700862789,0.0072873595213047487,0.0063395170547972633,0.0046574365429284921,0.0039629101638124766,0.0036474599767723215,0.0027640664802017316,0.0022379654409438298,0.0018534864619235009,0.001412157134734002,0.0012190613098012693,0.0015797187312730006
Lissandra,0.002177774751092106,0.003090687810855581,0.0044980097885885355,0.0038505570600607061,0.0045581480705367211,0.0062258105898692169,0.0045914478832909823,0.0069382644544158994,0.0069048623728438525,0.0069088254600272268,0.0086264062315846608,0.0078534372624879042,0.0086173837323936346,0.0088815874866442334,0.0076630516409788348,0.0076545335598649867,0.0078743741479975725,0.0071822996238024902
Tristana,0.021135125453221749,0.029994871869286951,0.0070156311925057713,0.010060976328431,0.011415858943448924,0.011022746618129105,0.01133534329311757,0.010871843345922181,0.0089143237492091479,0.0076709270737062513,0.0067598841623333203,0.007994786528819511,0.0072596356579818873,0.0048658512089706117,0.0098561707063113124,0.0088436453306792971,0.0029392367563774047,0.0069703629135919251
RekSai,0.0013159373824038621,0.0010004851181247287,0.014560486629726666,0.011850977553718028,0.010509481691377191,0.0074513638555915047,0.0086152986268293041,0.0079732374110894864,0.0077431203242293353,0.0071566485955137675,0.0072430254895019044,0.0069262503182164247,0.0065089016818021322,0.006510607438774514,0.0067185485594878783,0.0065446586150865521,0.0058561870864888973,0.0049953831954175848
Irelia,0.0049491080715797576,0.0096576578811379769,0.0067537980812478254,0.0074884892359544687,0.0070171378630317039,0.0081258180443590546,0.0083749048369231201,0.0079659088697692452,0.0070900409354852298,0.0089147875027333328,0.010532564235213869,0.010795775078519807,0.011593679947921782,0.010702337667331439,0.010228507289441028,0.010354364014806855,0.010897554064751798,0.011075748035170059
JarvanIV,0.0034106948482712346,0.0054454975715074513,0.0075476808243889254,0.010437407415549165,0.0096717693826442255,0.01146339727658459,0.0087046998578237268,0.0084892785983263306,0.0065479050199445414,0.010453385630129977,0.0083074766903400328,0.0061927870254982875,0.0044986694617081407,0.0053844339908790438,0.0073743499440438887,0.0068503157482087259,0.013280995714001606,0.0028924635219667169
Nami,0.0060725197407263945,0.011186946097988135,0.0044449276854933908,0.0058131821301384713,0.0054876778453698764,0.0048723735051150402,0.0048204949401691134,0.0031624408274113047,0.0027718601882848236,0.0021098137587584986,0.0013791068023489383,0.00120153530875157,0.00080866028503259106,0.00059916459762635011,0.00041586807229198914,0.00031273180589648535,0.00012992278415871136,0.0
Jhin,0.013054202533319908,0.014917781271181428,0.0081968151330835751,0.0082919619479101935,0.010244036765981823,0.009866621926248197,0.0099310089572094019,0.0093250438047974143,0.0089665675271422308,0.0085458073139425949,0.0090204790437650104,0.0085309507440334224,0.0084738320445502027,0.0086132380300424898,0.0088820084744029963,0.0084314033468215685,0.0084980057368662914,0.009791576570355091
Soraka,0.0069420758219428365,0.006861326940099389,0.0031456411312722463,0.003439527182170202,0.002611377733313941,0.0022987608331824804,0.0019074646644970255,0.0018759999659439912,0.0011538965489692478,0.00095984933640221818,0.00068318829285593551,0.0004501679799304525,0.00049052799707471461,0.00022832071057477484,0.00033635044088670769,0.0,0.0,0.0
Veigar,0.0065443789474442984,0.0023219380507950556,0.0031378429417129594,0.0042279447297503729,0.0059650760405648403,0.0094809298322881472,0.0085932735519853309,0.0074929734146039718,0.007138636644955689,0.0087972654915600915,0.0097412543932413574,0.0088294368314052359,0.0090815462515383555,0.0088248686538328503,0.0086008393196283749,0.0094930771536090482,0.010618054949011437,0.01510835007159265
Janna,0.0030751166431640473,0.0049097151628618172,0.002636962549200639,0.002666300141217211,0.0023357582587781225,0.0018265347705519706,0.0023032891744820968,0.0015308037257804905,0.0012411096602285515,0.0010230952229093411,0.00090789141907765525,0.00049437052059545818,0.00053869353683915681,0.00041719731168148228,0.00019555258191087657,0.000257346387678682,0.0004276528136887816,0.00032598426097299314
Nautilus,0.0039914633208870797,0.0049565829288643684,0.0048580892984224694,0.0046596722889231884,0.0048957718082425113,0.0049857884599984652,0.0048474011726769095,0.0046141726028550182,0.0044119573931177122,0.003702205257794933,0.0044191193202202826,0.0040430463281794166,0.004039923562652376,0.0033256798178958802,0.0034689393380923994,0.0036743566668023587,0.0020353228725791934,0.0013163843273346978
Evelynn,0.0069120235456573689,0.011675451436532759,0.021680317310671295,0.019251542516959777,0.015643917889549715,0.013130800516815075,0.012938746325609195,0.013284593060273239,0.011801214705367307,0.011149765018813644,0.011334714858746205,0.010344769235775549,0.0096123668113630937,0.0091624804633253804,0.009746518457512553,0.0085509186087780256,0.0075228017680708404,0.007645812666457477
Gragas,0.0031786061455782218,0.003044967576967185,0.0066120363671643805,0.0063550841601183973,0.0069533726626702583,0.0056732238511234285,0.0059960982426866564,0.0064558703281473373,0.0057694827448462396,0.005793962340462107,0.0055368281975961813,0.0071180407083020264,0.0062888204753168532,0.0045162338355449975,0.0064682777093597633,0.0061713643352945468,0.0056581756888054177,0.0048521503460210906
Zed,0.0038246141259740546,0.0040709059515152794,0.0046934850174962196,0.007412585946091471,0.0077115928208704573,0.0090667144512658511,0.0082371299731010296,0.010904189888918191,0.011211047882228525,0.011932323364592028,0.012805832338639777,0.013046939655661442,0.014632277294976372,0.014511507020927959,0.015322517809204841,0.016294440371952795,0.019389609033912538,0.023736454290702598
Vi,0.005729967345095675,0.0038118483000552164,0.016484134920465413,0.0099364118596028065,0.0063833677925451892,0.010127318559520593,0.010332100266025556,0.010553871153439295,0.010375453136148488,0.010629442651269007,0.00983303150074793,0.0076945378791816229,0.01169091726361403,0.0083391421433739194,0.0071054030637317002,0.0079121146891810781,0.010359176656921253,0.0085038427545821495
Lulu,0.0066115007828027022,0.014954174100216619,0.007315444491330805,0.0079244008608823288,0.0085371964358340376,0.0048369759198214693,0.0053188918529243987,0.0046488595647296268,0.0043271120586346797,0.0036994193173835489,0.0033854419869200378,0.0033449981842054452,0.0027592199835452694,0.0019162631066097174,0.0016817522044335386,0.001659884200527499,0.0012642486304674607,0.00046724410739462359
Taric,0.0052408237912460439,0.008367471878169986,0.0043491209628338627,0.0045440907894525031,0.0079615174796156749,0.0030369807755459594,0.003634650656434881,0.0027393452647770087,0.0028583565427972983,0.001796465983611875,0.0012571735789705261,0.0016850800061759823,0.00032402764034406955,0.00077565398191778911,0.00016663703245149391,0.00087717457751453206,0.0007288351306464296,0.0
Quinn,0.013715347368580072,0.014598567957658274,0.0087007095120296158,0.0098866676200052954,0.0072229596878896239,0.011550865605033952,0.012885532573995865,0.012471653375685883,0.010771747039579949,0.012242050047021199,0.012282853350282246,0.012797328507479175,0.012964782523156757,0.013352250673126651,0.013257216845587786,0.012702234413965756,0.009409726750558586,0.015767003283571765
Leblanc,0.013884151643885673,0.0095002988401376165,0.010241622287863126,0.0083627719723353942,0.010043760512745928,0.010267798388215078,0.0093905952713699715,0.0098736840312841634,0.011769744799486328,0.014611039898567097,0.014346954149974648,0.013154908746856556,0.013625777696519849,0.011481270017474392,0.010847301718596323,0.0092953515229539947,0.0064361748460161636,0.0072890080753561272
Ezreal,0.01229729802924737,0.01742533572870272,0.0088359060465826745,0.0090028169850935626,0.009983835422545842,0.0079882751044765658,0.0079683595116617975,0.0071948135640115879,0.0076045478524568956,0.0071265309303061531,0.0075152551089848639,0.0081471757711807438,0.0079556442504574547,0.0084535201518071111,0.0079745592195039454,0.0074452413092431042,0.0071081165238032614,0.0067808718553124597
