选手,每分钟对英雄伤害,每分钟金钱,平均每击败需要伤害,平均每死亡承受伤害,伤害金钱比,伤害金钱比（占团队比例）,伤害占团队百分比,承伤占团队百分比,击杀,死亡,助攻,胜率,选取英雄频次,赛区,位置,出场次数
Ziv,658.0068681883555,388.32437689485926,1492.8183229813665,16192.125,1.6394840281170608,1.334010453065494,0.2774642360768955,0.2432072978768829,6.5,2.5,12.0,1.0,Camille-1 Nautilus-1,LMS,Top,2
Hai,543.1823305381304,351.7104957772184,2756.0566666666664,3062.3,1.4512134160450396,1.1615071236606727,0.24405638722289452,0.17013758089339953,3.0,5.4,5.2,0.2,Orianna-1 Syndra-3 Zed-1,NALCS,Middle,5
Odoamne,786.7534344586466,358.20044581138234,4881.55,5131.375,2.0971305226262014,1.410538021513514,0.3175141990983597,0.28470774991294845,3.0,6.0,5.0,0.0,Camille-1 Rumble-1,EULCS,Top,2
Ian,598.8440988025067,405.22363194193235,2637.9063736263734,10633.066666666668,1.4389375413848966,1.315457804836338,0.29215699136078327,0.13376915335804557,4.2,1.0,5.6,0.8,Corki-1 Orianna-4,LCK,Middle,5
SiuSiu,405.0755939284263,334.3769012253778,6662.805555555556,5763.5,1.108312069296599,1.0931215001806784,0.24492003443808524,0.15765783799961985,2.0,3.0,3.0,0.25,LeBlanc-1 Syndra-1 Taliyah-1 Vladimir-1,LMS,Middle,4
Raise,291.8632430620853,309.5293254356919,1713.8402777777778,11150.125,0.920599460471042,0.807200371845981,0.14337736523001296,0.22924533476248576,1.5,3.0,7.0,0.5,Elise-1 Graves-1,LCK,Jungle,2
Cabochard,304.3931038099911,359.4236392798926,1596.125,19205.0,0.8233600156827837,0.8034795264892569,0.15978456721848086,0.16701081567168158,1.5,0.5,6.5,1.0,Gragas-1 Nautilus-1,EULCS,Top,2
Jay,145.39561295563055,230.79244894567944,791.7833333333333,5677.150000000001,0.5688250688216802,0.6338740143636755,0.0892647305171816,0.1700121564897441,0.25,3.0,6.0,0.5,Braum-1 Karma-1 Nami-1 Zyra-1,LMS,Support,4
Reignover,269.22205656630223,289.1631480375345,2370.2000000000003,7834.625,0.8787521014884777,0.84955640106735,0.16366850927052512,0.354463171147817,1.5,4.25,4.0,0.0,Gragas-1 Kha'zix-1 Rek'Sai-1 Rengar-1,NALCS,Jungle,4
UmTi,258.91995051896333,290.3262469201396,2327.029761904762,16481.916666666664,0.8362149444406576,0.8442715304397322,0.1553860185578106,0.268290565642752,1.25,2.5,4.5,0.25,Graves-1 Kha'zix-1 Rengar-2,LCK,Jungle,4
Altec,484.6322260473188,398.77433581515976,1843.0029942279943,5616.366666666667,1.1719442168382717,0.963952904904082,0.229947813780715,0.14966785546670103,4.4,2.6,4.8,0.2,Ashe-1 Caitlyn-2 Varus-2,NALCS,ADC,5
LOFS,170.19973368841545,325.85885486018645,1597.75,8738.25,0.5018059045226131,0.4441459115267709,0.0911905713144227,0.2833138799727653,1.0,4.0,3.0,0.0,Renekton-1,LMS,Top,1
Moon,380.47384231180297,320.4267207166714,1305.3059523809522,11961.586666666666,1.1172056310443412,0.897867859705063,0.17070812311188377,0.30945798898190074,3.0,2.8,6.2,0.2,Evelynn-1 Gragas-2 Rengar-2,NALCS,Jungle,5
Betsy,488.89762988549836,392.8931087577513,2844.1829725829725,12023.67,1.2372568107500315,1.1769834891673798,0.25253655826047017,0.21799784081595824,1.6,2.8,6.4,0.8,Ekko-1 Swain-2 Vladimir-2,EULCS,Middle,5
Republic,329.55429492718935,317.3776752126196,9141.5,5502.125,0.9520052503119695,1.0,0.2,0.2,1.0,3.0,0.0,0.0,Ryze-2,LPL,Middle,2
xiaoyu,329.55429492718935,317.3776752126196,4706.5,5057.416666666666,0.9520052503119695,1.0,0.2,0.2,0.0,3.5,1.5,0.0,Rengar-2,LPL,Jungle,2
Mata,168.11544455544606,255.07930734338674,954.5952380952381,6906.983333333334,0.5934614508632681,0.5756491253333057,0.08665215491090238,0.11120189573901919,1.3333333333333333,1.3333333333333333,5.666666666666667,0.5,Karma-1 Lulu-2 Malzahar-1 Zyra-2,LCK,Support,6
Hachani,159.67120597532738,255.62801779817227,854.8125,16566.833333333332,0.5969949405863515,0.6082904580543969,0.08777062629825463,0.18343304278777653,1.0,2.0,7.0,1.0,Bard-1 Tahm Kench-1,EULCS,Support,2
ClearLove,118.55565122858064,210.28068809730436,1867.0,16052.333333333334,0.34512109725942813,0.6666666666666666,0.13333333333333333,0.13333333333333333,0.6666666666666666,0.3333333333333333,2.3333333333333335,0.3333333333333333,Graves-1 Rek'Sai-1,LPL,Jungle,3
Stixxay,558.1494923383634,427.67470273581796,2226.478382034632,5770.916666666667,1.2703253293518841,1.1230023992857452,0.26086898005808845,0.11599781917240645,4.0,2.5,6.25,1.0,Ashe-1 Caitlyn-1 Ezreal-2,NALCS,ADC,4
West,329.55429492718935,317.3776752126196,4706.5,5502.125,0.9520052503119695,1.0,0.2,0.2,1.0,3.0,1.0,0.0,Caitlyn-2,LPL,ADC,2
Matt,140.56701030927837,213.14432989690724,545.4,3804.1666666666665,0.6218928164196124,0.4668069288577285,0.06349095480896835,0.20261333475362395,1.0,6.0,9.0,0.0,Thresh-1,NALCS,Support,1
Trashy,264.93585163483414,373.31492807485085,892.8973214285714,16523.5,0.6803998725553648,0.6601662065505398,0.12775753232129233,0.26917654942304137,3.0,1.5,8.5,1.0,Gragas-1 Kha'zix-1,EULCS,Jungle,2
Mightybear,287.0960170845995,349.71216140786424,1272.1077380952381,11685.416666666666,0.785520669172523,0.7379174892008651,0.14103645687784977,0.270620800700191,2.75,2.25,5.0,0.75,Elise-2 Graves-2,LCK,Jungle,4
Expession,280.9653389909995,372.110427279161,1560.2208994708997,13220.958333333334,0.7151893609849301,0.7956652451251826,0.16096712545585554,0.21897943191085148,1.5,1.3333333333333333,6.333333333333333,0.6666666666666666,Nautilus-3 Shen-3,LCK,Top,6
Ruler,504.8820929716565,401.4073099736937,3936.964102564102,8371.3,1.2055651172266681,1.077622427066378,0.23860393954305653,0.12982028568008244,4.0,0.8,5.4,0.8,Ezreal-1 Jhin-4,LCK,ADC,5
Ninuo,393.80445508645863,347.186142398647,1845.819597069597,20442.88888888889,1.0951157388428259,0.9936032724250389,0.19582183156097374,0.2893355201583295,2.0,1.3333333333333333,7.333333333333333,0.6666666666666666,Maokai-1 Poppy-2,LMS,Top,3
Kabe,602.1172758236885,354.19438628204165,4843.88888888889,6350.75,1.638799974795832,1.0,0.20000000000000004,0.20000000000000004,1.6666666666666667,3.3333333333333335,3.0,0.3333333333333333,Kennen-1 Poppy-1 Shen-1,LPL,Top,3
kRYST4L,224.58273148989255,246.23488521494562,4476.533333333334,4722.0,0.5765823409374459,0.6666666666666666,0.13333333333333333,0.13333333333333333,0.0,2.0,1.6666666666666667,0.3333333333333333,Karma-1 Lulu-1,LPL,Support,3
imp,549.0512503488917,389.9188059767398,6994.963068181818,5667.75,1.3307731785953494,1.0,0.2,0.2,2.0,3.5,3.25,0.5,Caitlyn-2 Ezreal-1 Sivir-1,LPL,ADC,4
LBB,377.52482323281924,319.9558707241258,5724.233333333333,5828.5,1.084319202475605,1.171092266172656,0.25900658573675434,0.12282363794370672,2.0,2.0,2.6,0.2,Ashe-2 Caitlyn-1 Ezreal-1 Jhin-1,LMS,ADC,5
XuanXuanPi,627.1584487983453,358.9917265802481,2436.4545454545455,7171.125,1.6812360996170317,1.0,0.2,0.2,3.5,4.0,6.5,0.0,Ashe-1 Varus-1,LPL,ADC,2
Wind,279.05343163108756,334.05318695068553,1478.4359788359789,18074.61904761905,0.8199376239817435,0.7102474815445752,0.13392529377917492,0.29710688947803393,2.3333333333333335,2.3333333333333335,6.333333333333333,0.6666666666666666,Kha'zix-1 Lee Sin-1 Rengar-1,LMS,Jungle,3
Hjarnan,618.3431714613122,425.0806949265431,3331.5928104575164,10412.266666666666,1.426271648594259,1.35945861596942,0.3169881846972352,0.1151715771372136,5.4,1.8,4.0,0.8,Jhin-2 Sivir-1 Varus-2,EULCS,ADC,5
meiko,308.767436775509,281.511996522738,1266.8835403726707,11233.994444444446,0.8547194846082546,0.8333333333333334,0.16666666666666666,0.16666666666666666,1.3333333333333333,2.3333333333333335,8.0,0.3333333333333333,Lulu-2 Malzahar-1 Nami-2,LPL,Support,6
Pyl,549.0512503488917,389.9188059767398,5512.152243589744,6521.85,1.3307731785953494,1.0,0.2,0.2,0.25,3.0,6.75,0.5,Karma-1 Lulu-3,LPL,Support,4
Alphari,354.4538964029494,342.50523357019546,2110.8531746031745,12515.0,0.9883384416589935,0.9516068349669299,0.20198941142781304,0.28200713158440155,1.6666666666666667,2.0,5.666666666666667,0.3333333333333333,Gnar-1 Nautilus-1 Renekton-1,EULCS,Top,3
SofM,224.58273148989255,246.23488521494562,4365.666666666667,11890.666666666666,0.5765823409374459,0.6666666666666666,0.13333333333333333,0.13333333333333333,1.6666666666666667,0.3333333333333333,0.3333333333333333,0.3333333333333333,Kha'zix-2,LPL,Jungle,3
GimGoon,329.55429492718935,317.3776752126196,5815.25,4590.625,0.9520052503119695,1.0,0.2,0.2,0.5,3.5,0.5,0.0,Fiora-2,LPL,Top,2
juejue,448.309198562503,375.51297508363905,1467.7171296296294,7316.0,1.1723960111337266,1.0,0.20000000000000004,0.20000000000000004,5.666666666666667,5.333333333333333,6.0,0.6666666666666666,Jayce-1 Viktor-1 Zed-1,LPL,Middle,3
S1mLz,372.17687626795504,375.34568749367764,1257.1540998217467,20405.354166666668,0.9677390339553766,1.0,0.19999999999999998,0.19999999999999998,5.666666666666667,3.3333333333333335,7.333333333333333,0.6666666666666666,Caitlyn-1 Ezreal-1 Jhin-1 Kog'Maw-2 Ziggs-1,LPL,ADC,6
Rekkles,661.7525161701726,389.1948236681499,3450.878787878788,16621.5,1.633253201521633,1.1564122059711381,0.2679168980545014,0.18488373516721826,3.3333333333333335,1.0,5.333333333333333,0.3333333333333333,Ezreal-3,EULCS,ADC,3
Shy,344.05396393111926,358.4940139881632,2176.758333333333,16532.6,0.9007798767974039,0.8907082954537422,0.18527093986315188,0.258574787182522,1.4,1.2,4.8,0.6,Jayce-1 Nautilus-2 Renekton-1 Shen-1,LCK,Top,5
Steeelback,539.4929384119631,421.2892105225709,2212.363636363636,10441.75,1.248257581558005,1.278309330317736,0.2992111173812779,0.12666640748405653,3.0,1.0,7.5,1.0,Ashe-1 Jhin-1,EULCS,ADC,2
xiye,553.089289017141,390.87760772477924,4680.083838383838,9210.966666666665,1.3808314024873325,1.0,0.2,0.2,3.2,1.6,4.6,0.8,Jayce-2 Syndra-2 Zed-1,LPL,Middle,5
Trick,237.8059280792585,348.33294199998096,1237.8484848484848,14726.416666666666,0.6374335476982956,0.805836451515912,0.15764803674114,0.34565177741843,1.6666666666666667,2.6666666666666665,5.333333333333333,0.6666666666666666,Elise-1 Rengar-2,EULCS,Jungle,3
Flawless,601.6467986750413,426.71239222022666,2001.0285714285715,17698.0,1.350512200012814,1.0,0.2,0.2,4.0,0.0,4.5,1.0,Graves-2,LPL,Jungle,2
Breeze,624.1653448628115,358.55960064137685,3212.261363636364,8522.25,1.647069836154468,1.5662792164891872,0.3665632064597947,0.14678929349134207,1.5,2.0,6.0,0.0,Ashe-1 Ezreal-1,LMS,ADC,2
Wolf,159.80558822958506,257.2642653268317,869.7283982683982,5220.033333333334,0.5865916118309256,0.5722548852682728,0.08094196454297495,0.10575245218813989,0.6,1.6,8.2,0.8,Karma-3 Nami-2,LCK,Support,5
Betty,456.2930849196761,424.69710268901014,1540.120075757576,8757.65,1.0559368251945458,0.9523253028090891,0.2098858436685526,0.16981919456604894,2.25,2.0,8.75,1.0,Ashe-3 Ezreal-1,LMS,ADC,4
REFRA1N,220.7521539812384,327.8328310487691,1415.122222222222,15782.15,0.6297774832322443,0.7062791163621309,0.13832554219287405,0.3075703508835385,2.5,1.75,3.0,0.5,Graves-1 Kha'zix-2 Rengar-1,LMS,Jungle,4
Mowgli,93.92035894549196,263.72406057177375,1395.5,5583.75,0.3347727000119947,0.4988983833637166,0.09106927268574412,0.2545850383558833,1.0,4.0,1.0,0.0,Rengar-1,LCK,Jungle,1
IgNar,220.3103497596128,242.0885185459789,938.2574786324786,6079.166666666667,0.7967843523362736,0.7448122485750749,0.11484586702466115,0.1439641958655192,1.0,2.0,7.0,0.3333333333333333,Malzahar-1 Thresh-1 Zyra-1,EULCS,Support,3
Zzitai,224.58273148989255,246.23488521494562,4920.0,8628.444444444443,0.5765823409374459,0.6666666666666666,0.13333333333333333,0.13333333333333333,0.3333333333333333,1.3333333333333333,0.6666666666666666,0.3333333333333333,Ekko-1 Ryze-1,LPL,Middle,3
SnowFlower,199.81102435662805,230.1456338207876,1605.9316378066378,3953.1575396825397,0.7973121944739545,0.7307781735606365,0.1048240810418164,0.1319505832574885,0.3333333333333333,4.166666666666667,6.0,0.3333333333333333,Bard-1 Lulu-1 Miss Fortune-1 Nami-1 Zyra-2,LCK,Support,6
Broxah,545.8841656554416,344.0489307636687,3377.8818181818183,12409.111111111111,1.4525652117743377,1.0113866140143186,0.21015439235787645,0.2440054037844888,3.3333333333333335,2.3333333333333335,4.333333333333333,0.3333333333333333,Graves-3,EULCS,Jungle,3
Keith,410.62176275799857,344.41878165105305,7089.583333333333,5615.083333333333,1.1372269032868039,0.9964308439532019,0.2198692062577301,0.12957774282480145,2.0,2.5,2.5,0.0,Ashe-2 Ezreal-2,NALCS,ADC,4
Smeb,493.4507341188408,393.46126417987233,3345.0473544973543,15096.416666666666,1.1981982566648939,1.1561927657105247,0.26434885762653065,0.26183620175794925,2.3333333333333335,2.5,4.333333333333333,0.5,Gangplank-1 Gragas-1 Nautilus-1 Renekton-1 Rumble-1 Shen-1,LCK,Top,6
Rins,329.9320344361848,297.4444947895763,2427.2,5697.75,1.0607464382484049,1.155677132747002,0.2334699217021604,0.2149445450430059,0.0,4.0,5.0,0.0,Nautilus-1,LMS,Top,1
Meteos,430.3214092163007,382.7481366239843,1121.2880411255412,16891.75,1.087362125692741,1.0329947957588195,0.20666459074968146,0.3324074149503425,3.75,2.5,9.25,1.0,Elise-2 Zac-2,NALCS,Jungle,4
Nexus,305.130356839028,296.06545602313724,7022.042857142858,11551.97,0.9599709854277767,1.0612761248549176,0.22183885180786317,0.28971745761553624,0.2,2.8,3.8,0.2,Kled-1 Maokai-2 Nautilus-2,LMS,Top,5
SwordArt,178.7880901841126,269.65475913170144,486.7083333333333,9975.25,0.6265618571117852,0.5676515278565016,0.08142114897265693,0.12528528796817254,0.75,0.75,12.25,1.0,Karma-1 Lulu-1 Nami-2,LMS,Support,4
M1ssion,410.2588408547633,404.2844768569433,2435.585714285714,7477.0,0.9775708890252719,1.022210718398054,0.23090085183900622,0.10627892378894624,2.0,0.0,4.0,1.0,Syndra-2,LMS,Middle,2
CoCo,484.39270830133404,392.63936122778824,2699.2270833333337,14504.520833333332,1.154731569570452,1.0,0.2,0.2,2.75,2.75,8.25,0.5,Ahri-1 Karma-1 Orianna-1 Ryze-1,LPL,Middle,4
Morning,407.93436325333505,348.1147839482432,1966.3565656565656,8137.083333333333,1.0921251902057434,1.2127143960424098,0.2503066744996148,0.22277943711359355,2.25,2.0,4.75,0.5,Nautilus-2 Rumble-1 Shen-1,LMS,Top,4
Cool,316.71258250440314,337.3465079951724,1296.7373737373737,11131.083333333332,0.9214796837103554,1.0,0.2,0.2,6.5,3.5,3.5,0.5,Ekko-1 Twisted Fate-1,LPL,Middle,2
Mouse,118.55565122858064,210.28068809730436,1156.5555555555557,10923.333333333334,0.34512109725942813,0.6666666666666666,0.13333333333333333,0.13333333333333333,0.3333333333333333,1.6666666666666667,2.3333333333333335,0.3333333333333333,Nautilus-1 Shen-1,LPL,Top,3
Pobelter,544.2282552894475,375.32851244335177,4062.744052287582,5269.64,1.3756239364524432,1.1845511263729107,0.2587833029112966,0.17484384919303167,3.6,4.0,4.2,0.4,Ahri-1 Orianna-2 Syndra-1 Vladimir-1,NALCS,Middle,5
Vizicsacsi,479.3812541952236,380.8467624835092,1804.073076923077,22396.1,1.1808179877029032,1.128763849007694,0.24065761023107146,0.2907996890788311,3.0,3.0,8.5,1.0,Nautilus-1 Renekton-1,EULCS,Top,2
Froggen,508.9334632192648,351.7686404402023,4702.875,3530.2083333333335,1.3433358872918357,1.1652722113802696,0.2610342988632616,0.12500602236590247,2.25,3.25,2.25,0.0,Ahri-2 Viktor-2,NALCS,Middle,4
Dardoch,384.03447979881366,350.954893539404,1453.245634920635,10144.076666666668,1.043484576034658,0.8842691591204194,0.1825455621702246,0.3681783623574013,3.8,4.4,6.0,0.4,Gragas-1 Kha'zix-1 Lee Sin-1 Rengar-2,NALCS,Jungle,5
SkuLL,207.41933431249538,271.50280277923565,802.2364117364117,7455.166666666667,0.7205374203099361,0.6560499393959117,0.10184818987730275,0.1304087874426315,1.3333333333333333,2.0,10.0,0.6666666666666666,Karma-1 Lulu-1 Zyra-1,LMS,Support,3
Sneaky,542.6074209110901,369.95852296837,3288.8518518518517,9208.025,1.381257034448008,1.2208615431051417,0.26861251887020055,0.15221243495373973,2.5,2.6666666666666665,5.0,0.5,Ezreal-3 Jhin-2 Kog'Maw-1,NALCS,ADC,6
Peanut,230.616774852042,349.914204886153,1235.8801587301587,18308.65,0.6348405388659565,0.639073887705303,0.12160468464498711,0.3007754422532056,2.4,1.4,5.6,0.8,Graves-2 Lee Sin-3,LCK,Jungle,5
mithy,106.11168259172443,248.45901036354917,525.3560606060606,8258.333333333334,0.40737893349405635,0.5467264757063605,0.07716583915190108,0.12874102423953268,0.3333333333333333,1.6666666666666667,7.666666666666667,0.6666666666666666,Braum-1 Lulu-2,EULCS,Support,3
Karsa,410.5159818049015,394.66632378034,1405.1603535353536,15136.875,1.0051127445167702,0.9321174222017797,0.19097080790031787,0.3112132984923304,3.5,1.5,7.5,1.0,Graves-2 Kha'zix-1 Rengar-1,LMS,Jungle,4
Zven,502.4317272921879,435.9472489258654,2654.9015873015874,5838.61111111111,1.1139406590079015,1.3891146483999186,0.3355870341223996,0.12334548752914605,4.333333333333333,1.6666666666666667,2.6666666666666665,0.6666666666666666,Caitlyn-2 Kalista-1,EULCS,ADC,3
Kobbe,638.4773853843553,427.84054200113894,1611.6307189542486,9719.25,1.4338091345066182,1.3299789179263524,0.2922604103437578,0.14200120743499473,4.0,1.0,9.0,1.0,Ezreal-2,EULCS,ADC,2
MaRin,395.00262946231703,366.13903662517754,3341.407142857143,19124.35,1.034785076585076,1.1355650532199135,0.26121359152227497,0.2844688784784824,1.0,1.8,3.8,0.2,Dr. Mundo-2 Kennen-1 Nautilus-2,LCK,Top,5
Amazing,618.0706674137767,422.89399887782065,1311.9285714285713,22436.0,1.4056018979107676,1.0,0.2,0.2,5.0,0.0,9.0,1.0,Camille-1,LPL,Top,1
Ninja,461.93448922240395,363.1019237586588,3888.2217171717166,5629.983333333334,1.2367092272475622,1.1759176651886925,0.24756081900459578,0.17129223415601688,2.5,4.333333333333333,4.5,0.3333333333333333,Ahri-1 Cassiopeia-1 Jayce-2 Karma-1 Orianna-1,NALCS,Middle,6
Profit,640.4498269896194,424.6712802768166,1423.7692307692307,15311.0,1.4490722618022391,1.4139304672462314,0.30934951196684046,0.19886740008572432,3.0,1.0,10.0,1.0,Rumble-1,LCK,Top,1
Gate,220.45584946829183,230.6363506085205,2730.102564102564,3157.104166666667,0.8649538204452834,0.6995280973811633,0.10525974601242648,0.13647259098853268,0.5,4.0,4.5,0.0,Lulu-1 Tahm Kench-1 Zyra-2,NALCS,Support,4
Tusin,199.9332467250435,220.89468486254228,1580.3283116883117,7105.0,0.7864036463542856,0.8413970951576021,0.12210531981698372,0.12405138532037623,0.6,1.8,4.8,0.2,Karma-1 Lulu-2 Zyra-2,LCK,Support,5
MapleSnow,501.52946350966204,378.4080310984132,2428.9166666666665,16144.5,1.2791399391203135,1.105762715360629,0.21796578934894084,0.3159269505464747,2.0,2.0,7.0,1.0,Gragas-1 Poppy-1,LMS,Top,2
ikssu,377.10075027151635,344.5216664894758,2734.452308802309,19694.666666666668,1.0555696767414169,1.001773913935046,0.21128160241235416,0.27255727087274423,1.6666666666666667,1.8333333333333333,5.666666666666667,0.3333333333333333,Kennen-1 Nautilus-1 Poppy-1 Rumble-1 Shen-2,LCK,Top,6
Eimy,456.01390498209037,327.7752027806167,6559.0,5078.0,1.3211803807029912,1.0,0.2,0.2,1.0,3.0,1.0,0.0,Graves-1,LPL,Jungle,1
3z,312.39283106270614,332.7685950572085,2626.5125,9910.416666666666,0.8913077017229833,0.8231627735304508,0.17447205562477386,0.2609930676014981,1.75,3.25,3.5,0.0,Fiora-1 Maokai-2 Poppy-1,LMS,Top,4
Jensen,605.3297291700566,393.71143408502013,3004.3959401709403,9929.558333333332,1.4472611398264414,1.2643544467477097,0.29478114541223793,0.15245816673376503,3.5,2.3333333333333335,5.666666666666667,0.5,Cassiopeia-1 Orianna-3 Talon-1 Zed-1,NALCS,Middle,6
PraY,459.0523638506438,413.87619368805105,3178.4141612200438,6135.166666666667,1.0630304737635985,1.2041465914880898,0.27279331517055555,0.13511142579838317,3.1666666666666665,1.5,5.0,0.6666666666666666,Ashe-4 Ezreal-1 Jhin-1,LCK,ADC,6
xiaohu,628.9433034211271,391.88027419840046,8009.428571428572,8125.444444444444,1.517740504992758,1.0,0.20000000000000004,0.20000000000000004,2.3333333333333335,2.0,2.6666666666666665,0.3333333333333333,Ryze-1 Taliyah-1 Vladimir-1,LPL,Middle,3
MorZB,428.4993330356904,374.2084101502496,2153.2469654528477,20516.23611111111,1.0769809409504199,1.0,0.19999999999999998,0.19999999999999998,0.8333333333333334,3.3333333333333335,10.166666666666666,0.5,Braum-1 Karma-4 Malzahar-1,LPL,Support,6
Punch,189.6077066064734,281.32755564628275,2762.5625,9097.166666666666,0.6353738808181062,0.6201764441727091,0.11701184871805106,0.25339370742519135,1.0,3.25,1.75,0.0,Graves-2 Kha'zix-1 Lee Sin-1,LCK,Jungle,4
Caps,631.5622266765478,363.9789681146746,3655.491666666667,7169.222222222223,1.6677704779669111,1.1994056608313148,0.2616174130628656,0.1655707468305406,2.3333333333333335,2.6666666666666665,5.333333333333333,0.3333333333333333,LeBlanc-1 Orianna-1 Viktor-1,EULCS,Middle,3
WildTurtle,401.9373686868278,415.44450531457215,1483.7711111111112,7568.9,0.9447162997382763,1.0484609942167222,0.2299219401316285,0.12780046314963683,3.6,1.4,6.0,0.8,Ashe-2 Ezreal-2 Jhin-1,NALCS,ADC,5
Samux,471.62688407198004,408.4098501591093,1480.7941176470588,13720.5,1.1262920931760552,1.084226940318695,0.2488282236039025,0.13544716821272257,6.0,2.0,7.5,1.0,Caitlyn-1 Ezreal-1,EULCS,ADC,2
Key,268.51283608809365,257.71761115743124,1695.0928571428572,5191.566666666667,0.9778025123301296,0.9519640801905848,0.14372379580661693,0.14694134485957294,0.2,2.8,6.4,0.6,Karma-1 Lulu-1 Zyra-3,LCK,Support,5
Ambition,266.2719761015611,328.08686521338507,3787.2,6574.0,0.7614902447484428,0.7229025312722164,0.14114909191217725,0.29521360875105584,1.5,4.0,4.0,0.5,Graves-1 Rengar-1,LCK,Jungle,2
Alone,602.1172758236885,354.19438628204165,4089.3531746031745,9449.333333333334,1.638799974795832,1.0,0.20000000000000004,0.20000000000000004,3.0,3.3333333333333335,2.6666666666666665,0.3333333333333333,Ezreal-2 Jhin-1,LPL,ADC,3
Apollo,526.6458084085692,398.7628816659465,6127.140963203463,6038.222222222222,1.311024901596566,1.2538207613614762,0.28725648425344225,0.11565433241677588,2.6666666666666665,2.8333333333333335,3.3333333333333335,0.3333333333333333,Caitlyn-4 Ziggs-2,NALCS,ADC,6
Condi,553.089289017141,390.87760772477924,3038.69,13098.1,1.3808314024873325,1.0,0.2,0.2,3.4,0.6,6.0,0.8,Elise-1 Graves-1 Kha'zix-1 Lee Sin-1 Rengar-1,LPL,Jungle,5
AmazingJ,392.3041932805831,353.99166401755417,1234.9928977272727,11821.791666666666,1.0467785613559273,1.0,0.2,0.2,2.5,2.5,8.75,0.5,Camille-2 Nautilus-1 Shen-1,LPL,Top,4
Wako,430.6364026338391,339.67050125598155,2121.7,5431.375,1.2126500539726728,1.187789047393637,0.2621981040187267,0.1914075758348987,6.0,4.0,2.5,0.0,LeBlanc-1 Vladimir-1,LMS,Middle,2
Seraph,305.00900530083794,353.88321141609913,5517.428240740741,16366.855555555556,0.830235598764211,0.8073359531675943,0.165194408069267,0.280197244389507,0.5,2.8333333333333335,5.166666666666667,0.3333333333333333,Camille-1 Maokai-2 Renekton-1 Shen-2,NALCS,Top,6
Bebe,389.3497313087552,376.94997514526915,1789.8073593073595,5414.458333333333,0.9746558340547261,1.0898923595258427,0.2434502187474034,0.14852992619142563,2.25,2.0,5.25,0.5,Ezreal-2 Jhin-2,LMS,ADC,4
Olleh,301.76660610273143,261.5752197288351,1158.2345321345322,5255.92,1.110603345732257,0.9320946739102363,0.1462050218174322,0.11263008822269041,1.2,2.0,8.4,0.4,Karma-3 Lulu-2,NALCS,Support,5
GuGer,295.53274731775394,225.89041726071977,3774.133333333333,4142.683333333333,1.2113917697806589,1.1220588768471578,0.17174635093314652,0.11283429427302949,0.6666666666666666,3.6666666666666665,2.3333333333333335,0.0,Karma-2 Zyra-1,LCK,Support,3
Flandre,224.58273148989255,246.23488521494562,4920.0,8220.666666666666,0.5765823409374459,0.6666666666666666,0.13333333333333333,0.13333333333333333,0.6666666666666666,1.3333333333333333,0.6666666666666666,0.3333333333333333,Camille-1 Kennen-1,LPL,Top,3
K,106.45356108790816,216.57254456686786,612.3571428571429,4486.958333333334,0.46295426131759887,0.4564279029849624,0.06630048624680172,0.13501123420931724,1.0,3.5,5.5,0.0,Lulu-2,LMS,Support,2
Hakuho,240.54966845745105,258.31279334990194,2094.538095238095,7060.224999999999,0.8996101938239707,0.8643847512980711,0.13109976991108999,0.08990009662331279,1.1666666666666667,2.1666666666666665,6.666666666666667,0.3333333333333333,Karma-3 Lulu-2 Malzahar-1,NALCS,Support,6
Uzi,628.9433034211271,391.88027419840046,8763.355555555556,9060.666666666666,1.517740504992758,1.0,0.20000000000000004,0.20000000000000004,2.6666666666666665,1.3333333333333333,2.0,0.3333333333333333,Caitlyn-1 Ezreal-2,LPL,ADC,3
Mikyx,180.69892527401853,272.911434298341,553.5357142857142,6118.5,0.6188062224251522,0.5673416025867789,0.08153882349388786,0.18624975032442104,1.0,3.0,9.5,1.0,Camille-1 Thresh-1,EULCS,Support,2
intruder,580.0636988044921,410.63334037544746,4833.791666666667,6364.5,1.3339707778928023,1.0,0.20000000000000004,0.20000000000000004,2.0,3.0,5.666666666666667,0.6666666666666666,Elise-1 Graves-1 Rengar-1,LPL,Jungle,3
sOAZ,402.65121771700996,328.71024349593085,3680.154761904762,8142.955555555556,1.1805974987341044,0.9342238768638985,0.18521545390799865,0.24757783638907419,1.0,3.6666666666666665,6.0,0.3333333333333333,Nautilus-2 Rumble-1,EULCS,Top,3
Albis,220.55744544808394,276.98257248295636,832.3181818181818,9319.5,0.7586861764522206,0.6539546987660905,0.0987758372149053,0.12954597018634434,2.0,2.0,9.0,1.0,Malzahar-1 Tahm Kench-1,LMS,Support,2
SSol,532.6733808143538,347.0038644164353,7588.708333333333,5535.083333333333,1.4764261041398985,1.4937227478435524,0.34340277387833884,0.15642132931040487,1.25,3.25,1.75,0.0,Ezreal-3 Jhin-1,LCK,ADC,4
firel0li,498.97922232243735,352.74330494817156,1939.2277777777779,5540.805555555556,1.3643178719570812,1.0,0.20000000000000004,0.20000000000000004,2.0,4.333333333333333,9.0,0.3333333333333333,Gragas-1 Lee Sin-1 Rengar-1,LPL,Jungle,3
Mickey,531.0627091117149,408.13381143726883,3032.324761904762,8409.2,1.2251990859101034,1.2165815409283602,0.2831784957091127,0.1958045085698179,4.4,2.6,3.2,0.6,Ahri-1 Cassiopeia-1 Syndra-2 Taliyah-1,LCK,Middle,5
Arrow,589.1812895223904,436.2392080629479,1355.7889332706766,10384.0,1.31041141707091,1.2540826006327142,0.28523868138435354,0.1552656891270017,5.25,1.75,9.5,1.0,Draven-1 Ezreal-2 Kalista-1,NALCS,ADC,4
jinjiao,437.4574881072218,367.7721309896075,1446.6114285714286,16492.433333333334,1.1185432286668955,1.0,0.2,0.2,4.6,1.8,6.2,0.6,Ashe-2 Ezreal-1 Jhin-1 Kog'Maw-1,LPL,ADC,5
Pony,186.12734350017888,286.9301227928162,2257.133333333333,7913.3,0.5947051804005111,0.6363946344903575,0.12695702904454198,0.2731616478897534,2.6,3.4,3.4,0.2,Graves-2 Lee Sin-2 Rengar-1,LMS,Jungle,5
Phaxi,436.5834451514235,397.75139218499896,2207.835714285714,19783.55,1.05057608152222,1.0188834743901491,0.22316494558831002,0.24827744909023783,2.8,2.0,6.0,0.8,Gnar-3 Kled-1 Renekton-1,EULCS,Top,5
Mystic,553.089289017141,390.87760772477924,3291.3212121212127,14474.0,1.3808314024873325,1.0,0.2,0.2,3.0,0.6,5.0,0.8,Ashe-2 Ezreal-1 Jhin-1 Kog'Maw-1,LPL,ADC,5
Mountain,396.90697226110944,367.9236913299508,1153.4856459330144,12989.833333333332,1.0514545715889538,0.8703980941707935,0.171216031421141,0.34858681605332,4.5,3.5,10.5,1.0,Gragas-1 Kha'zix-1,LMS,Jungle,2
MarS,746.1432269197584,429.3011216566005,2543.470588235294,4850.857142857143,1.7037985656868153,1.168467310886555,0.2940168499214622,0.16430455084315196,12.0,7.0,5.0,0.0,Syndra-1,LMS,Middle,1
Ohq,224.58273148989255,246.23488521494562,4642.833333333333,11890.666666666666,0.5765823409374459,0.6666666666666666,0.13333333333333333,0.13333333333333333,0.3333333333333333,0.3333333333333333,1.0,0.3333333333333333,Ashe-1 Sivir-1,LPL,ADC,3
Wadid,151.35658221983996,256.2428490134222,827.081111111111,9153.966666666667,0.5708878402481017,0.5425547461094125,0.07713492828558795,0.1418008894680005,0.8,2.2,7.2,0.8,Malzahar-2 Tahm Kench-3,EULCS,Support,5
Gemini,630.0951517903309,417.7979157230791,1782.8461538461538,12215.0,1.4606125535669272,1.2826285627260507,0.28096398394976424,0.3054284499787463,7.0,2.0,6.0,1.0,Graves-1,LMS,Jungle,1
Expect,280.2826712998663,365.276563569743,2029.211111111111,12070.416666666666,0.7531580470131333,0.9675476803336579,0.19606552983485467,0.2585676446940345,1.0,2.0,5.333333333333333,0.6666666666666666,Maokai-1 Nautilus-1 Renekton-1,EULCS,Top,3
Haru,398.5109059062556,411.605091539544,1005.3675213675215,11759.333333333334,0.9307474534137552,0.8400236509458878,0.18051412977292838,0.3507704952529418,5.0,2.6666666666666665,8.333333333333334,1.0,Lee Sin-1 Rengar-2,LCK,Jungle,3
Ssumday,397.6584071899548,374.1309344056646,1743.9114285714284,16261.6,1.0317834269751005,0.9632658571359276,0.2029247271316743,0.2796087726764015,3.0,1.4,6.8,0.8,Ekko-1 Gragas-2 Nautilus-2,NALCS,Top,5
road,327.99794772867557,328.478623502528,1135.147619047619,10093.130952380952,0.9638972477696163,1.0,0.20000000000000004,0.20000000000000004,1.6666666666666667,4.333333333333333,10.333333333333334,0.3333333333333333,Lulu-2 Thresh-1,LPL,Support,3
Dreamer,370.95898042936824,237.78271328409215,2609.777777777778,4511.741666666667,1.420307203780482,1.2222753054732405,0.19206224076483963,0.15225674142006237,0.75,5.0,5.25,0.0,Lulu-1 Zyra-3,LMS,Support,4
Koro1,498.97922232243735,352.74330494817156,2253.207264957265,6074.380952380953,1.3643178719570812,1.0,0.20000000000000004,0.20000000000000004,4.333333333333333,4.333333333333333,4.666666666666667,0.3333333333333333,Jayce-1 Nautilus-1 Rumble-1,LPL,Top,3
Lwx,428.4993330356904,374.2084101502496,2680.8311965811968,11122.36111111111,1.0769809409504199,1.0,0.19999999999999998,0.19999999999999998,5.5,3.5,3.5,0.5,Caitlyn-2 Ezreal-3 Varus-1,LPL,ADC,6
xPeke,243.08888535195152,233.65301814377958,2513.5863095238096,5660.208333333333,0.9776558516380689,0.9106937421375152,0.1439131905347062,0.13835973088836878,0.5,3.0,4.5,0.0,Lulu-3 Malzahar-1,EULCS,Support,4
GodKwai,417.97687059173273,381.7197188224378,1403.4916666666668,7506.0,1.060896631484701,0.920734797200681,0.182779097284825,0.11368604652636982,1.5,1.0,9.5,1.0,Ashe-1 Jhin-1,LMS,ADC,2
Cody Sun,497.31079954842,369.9419280147157,2113.2883333333334,6145.733333333334,1.303162559971968,1.0966584654938756,0.23788431072557042,0.1473667577484272,2.0,2.2,6.0,0.4,Caitlyn-3 Ezreal-2,NALCS,ADC,5
Teddy,518.9943655886966,395.5529829828592,4023.6513047138046,8193.277777777777,1.2527569062784225,1.1912879728585757,0.2852450498864358,0.12899936673664933,3.5,2.0,3.8333333333333335,0.3333333333333333,Ezreal-1 Jhin-5,LCK,ADC,6
Maxlore,253.5717858529089,351.81564082773366,1573.3625,20928.05,0.6894958415646293,0.672389133391986,0.13017538316839666,0.2767522434885898,2.4,2.0,6.2,0.8,Graves-1 Lee Sin-2 Rengar-2,EULCS,Jungle,5
Seonghwan,238.320987654321,267.5061728395062,4826.0,4841.666666666667,0.8156160216325841,1.0143007413112721,0.19828259172521467,0.28764084995148226,0.0,3.0,0.0,0.0,Elise-1,LCK,Jungle,1
Megan,279.362004468881,333.54360104776015,926.7133190883192,23036.0,0.8095155635447296,1.0,0.20000000000000004,0.20000000000000004,1.6666666666666667,1.3333333333333333,11.333333333333334,0.6666666666666666,Lulu-1 Nami-2,LPL,Support,3
Nukeduck,568.1382360091093,428.66757508451997,2242.8636363636365,19404.25,1.2929831076032414,1.3580700306872933,0.32184652766530236,0.21978160676485708,6.0,1.5,5.0,1.0,Ekko-1 Vladimir-1,EULCS,Middle,2
baybay,628.9433034211271,391.88027419840046,4224.127777777778,8125.444444444444,1.517740504992758,1.0,0.20000000000000004,0.20000000000000004,1.6666666666666667,1.6666666666666667,3.6666666666666665,0.3333333333333333,Elise-1 Kha'zix-2,LPL,Jungle,3
Loong,627.1584487983453,358.9917265802481,2635.688888888889,7739.233333333334,1.6812360996170317,1.0,0.2,0.2,3.5,4.0,6.0,0.0,Gragas-1 Rumble-1,LPL,Top,2
Xmithie,317.21455350366995,355.94282784728904,1037.7280303030302,13343.920833333334,0.8607918319558298,0.7766057942364989,0.15015475516310106,0.30401320670650744,3.5,3.0,8.0,1.0,Elise-1 Gragas-1 Olaf-2,NALCS,Jungle,4
Akaadian,237.92452733736172,307.6462084764014,1742.794642857143,7982.145833333334,0.7208757918872541,0.6538986595320893,0.12966735235403076,0.33562647869146345,1.25,4.25,4.75,0.0,Lee Sin-2 Rengar-2,NALCS,Jungle,4
Epic,228.47145959151675,302.07140215415836,1137.1,8422.0,0.7243087551269385,0.7178249812644677,0.14260795676638535,0.2776626839565564,2.5,4.0,5.5,0.0,Lee Sin-2,LMS,Jungle,2
PowerOfEvil,535.8538814194412,374.5840836408647,2473.161111111111,7348.833333333333,1.3634756291877432,1.3641449127514684,0.3172490164304629,0.15552888113955865,3.0,1.6666666666666667,5.666666666666667,0.3333333333333333,Ahri-1 Orianna-1 Viktor-1,EULCS,Middle,3
Wulala,374.5139813581891,410.19973368841545,937.5333333333333,16956.0,0.884298560020122,0.7547027357799695,0.15939384322437322,0.30753883684444405,8.0,2.0,7.0,1.0,Kha'zix-1,LMS,Jungle,1
Huhi,663.2638562924134,415.7765447018588,2036.5944264069267,8394.583333333334,1.549289253177729,1.4100425103618495,0.3141999311047555,0.21525626955199867,5.75,3.5,6.5,1.0,Jayce-1 Talon-1 Vladimir-2,NALCS,Middle,4
Contractz,332.87844326115004,334.4489122175152,1438.388888888889,13859.613888888889,0.8910237372756987,0.7975580742347187,0.16297457135026666,0.3225427684668744,3.6666666666666665,3.3333333333333335,4.833333333333333,0.5,Gragas-1 Kha'zix-1 Lee Sin-3 Rengar-1,NALCS,Jungle,6
Perkz,330.3076140523379,389.60148283281524,1594.5800865800866,8747.277777777777,0.8232776897423763,1.0674689794182999,0.2335335601497047,0.14369406611885677,2.3333333333333335,2.0,5.666666666666667,0.6666666666666666,Orianna-2 Syndra-1,EULCS,Middle,3
Crash,302.5373361417226,372.40428982353825,1258.4247685185185,16121.416666666666,0.7492311778880407,0.8089385992797119,0.16634849525247825,0.32379395186959437,3.5,1.6666666666666667,3.8333333333333335,0.6666666666666666,Graves-1 Kha'zix-5,LCK,Jungle,6
Flaxxish,242.00717014648578,303.26987459493137,2813.1,8976.666666666666,0.7634677851566194,0.5883092172324549,0.11557424904113833,0.23884459112560236,0.0,4.0,3.5,0.0,Gragas-1 Nautilus-1,EULCS,Top,2
Deft,630.5721222362719,393.6740282063838,5281.595833333334,8744.930555555555,1.5291508367482567,1.4495348680840732,0.32489383893203133,0.14983868070011033,2.8333333333333335,1.8333333333333333,3.3333333333333335,0.5,Ashe-1 Ezreal-3 Kog'Maw-1 Varus-1,LCK,ADC,6
CuVee,346.5734397098748,363.91980508239067,2522.5841666666665,21258.55,0.9241502872557177,0.8603757166137724,0.17318723571759528,0.28073949585044344,1.6,1.2,5.8,0.8,Camille-1 Gragas-1 Maokai-1 Nautilus-1 Poppy-1,LCK,Top,5
KaKAO,278.4330000741875,316.95771161741396,1220.2307692307693,10619.833333333334,0.8058223938733478,0.8128577730526297,0.1617699215444743,0.2652111512793735,2.3333333333333335,2.0,6.0,0.3333333333333333,Graves-2 Lee Sin-1,EULCS,Jungle,3
MaHa,463.4936983796809,396.64590501606165,2029.06182983683,8048.15,1.1310998656917923,1.00980134523745,0.21836220519257368,0.12746460767077333,2.6,1.6,6.6,0.8,Ashe-2 Jhin-1 Varus-1 Ziggs-1,LCK,ADC,5
Ryu,524.542234151515,417.62990299649556,1582.9846153846154,14577.75,1.2152381374420713,1.1733651495975554,0.25562753872666133,0.16772673998994553,5.75,1.25,5.75,1.0,Ahri-2 Jayce-1 Talon-1,NALCS,Middle,4
aphromoo,94.28448883199127,261.9111541516012,364.51190476190476,4917.875,0.34443441666605,0.311750962022871,0.04481976273437046,0.11497176066219479,0.25,3.5,10.0,1.0,Lulu-2 Thresh-2,NALCS,Support,4
Sangyoon,439.07355223787573,379.32271894731747,2641.833333333333,9150.6,1.1075549813122323,1.0856404162572726,0.23534108477379573,0.1246545488376379,1.6,1.0,5.6,0.6,Ashe-1 Jhin-4,LCK,ADC,5
Bjergsen,545.4141217074279,431.28531461443924,1559.0308556149732,14254.85,1.195596376830889,1.2723454102975573,0.28795510890738013,0.19601335342853907,5.0,1.2,6.4,0.8,Orianna-2 Vladimir-3,NALCS,Middle,5
Smoothie,141.42283948563298,243.632162865779,1007.3092463092463,9163.494444444445,0.5564572897298131,0.5188139831254236,0.07731379223472507,0.11816898557699107,1.1666666666666667,2.0,7.0,0.5,Karma-2 Lulu-1 Malzahar-1 Thresh-2,NALCS,Support,6
Scout,308.767436775509,281.511996522738,1139.2209757834758,14018.464285714284,0.8547194846082546,0.8333333333333334,0.16666666666666666,0.16666666666666666,4.833333333333333,1.8333333333333333,4.666666666666667,0.3333333333333333,Jayce-1 LeBlanc-1 Orianna-1 Syndra-1 Vladimir-1,LPL,Middle,6
Marge,279.362004468881,333.54360104776015,1042.7311507936508,19755.166666666668,0.8095155635447296,1.0,0.20000000000000004,0.20000000000000004,4.0,1.3333333333333333,7.666666666666667,0.6666666666666666,Ashe-1 Ezreal-1 Varus-1,LPL,ADC,3
Easyhoon,627.1584487983453,358.9917265802481,2739.8831168831166,7739.233333333334,1.6812360996170317,1.0,0.2,0.2,5.0,4.0,4.0,0.0,Vladimir-2,LPL,Middle,2
Wunder,514.39021999774,455.6504481173498,1295.5535714285716,15279.5,1.0810281613920427,1.062133515331658,0.25265904678184803,0.22559684085385145,6.5,1.0,6.5,1.0,Fizz-2,EULCS,Top,2
Roach,256.192024091413,308.81819845044436,4689.020833333334,14287.775,0.7961577711486555,0.8089123446765168,0.1661701014710741,0.2978932375017251,0.75,3.0,1.75,0.0,Camille-1 Ekko-1 Gragas-1 Nautilus-1,LCK,Top,4
icon,296.04455397340706,375.1783999037163,1515.895202020202,13483.555555555555,0.7630820567770265,1.0,0.20000000000000004,0.20000000000000004,4.333333333333333,2.6666666666666665,8.333333333333334,0.6666666666666666,Cassiopeia-1 Jayce-1 Syndra-1,LPL,Middle,3
Svenskeren,327.31181977915287,363.86607626659213,1195.1916666666666,17265.55,0.8392785286732577,0.9220009304088069,0.17951977202588623,0.3067468794198044,3.8,2.4,6.4,0.8,Elise-1 Gragas-1 Lee Sin-1 Rengar-2,NALCS,Jungle,5
Jankos,389.8577462108592,317.5080103703282,1796.4204545454545,7716.125,1.183404475986631,0.8143680242343994,0.16224287521551994,0.2928714197240688,4.0,4.0,5.5,0.0,Graves-1 Kha'zix-1,EULCS,Jungle,2
Fly,494.6784915360256,421.7482641634994,3746.701804812834,8622.833333333334,1.1250596209383426,1.2520819619484207,0.28475931050021847,0.18241547142277836,3.3333333333333335,1.1666666666666667,4.333333333333333,0.6666666666666666,Ryze-3 Taliyah-2 Vladimir-1,LCK,Middle,6
Kuro,397.56589265548257,353.7797339046756,3746.6699999999996,6939.7,1.0412190071552148,1.0965492520129436,0.24302193942224554,0.15373611209241805,2.6,2.8,1.6,0.2,Cassiopeia-1 Orianna-1 Ryze-2 Taliyah-1,LCK,Middle,5
Balls,578.2295488757245,361.68904945164803,2248.6703846153846,9041.05,1.5298576518586953,1.2348680653223227,0.2650273679246798,0.21962532496939563,3.8,3.4,5.4,0.2,Camille-1 Rumble-4,NALCS,Top,5
Ben,553.089289017141,390.87760772477924,4559.58041958042,8550.4,1.3808314024873325,1.0,0.2,0.2,1.6,1.6,7.2,0.8,Lulu-3 Malzahar-1 Nami-1,LPL,Support,5
GODV,717.4489915759441,437.5379445413404,2639.7136363636364,5665.25,1.592699705061872,1.0,0.2,0.2,5.0,3.5,5.5,1.0,Lissandra-1 Syndra-1,LPL,Middle,2
Biofrost,134.80658285684245,277.0732786402141,450.25619047619045,5016.366666666667,0.4580366059167026,0.5006965007094377,0.07410926873508274,0.10734782323815135,1.0,2.2,10.8,0.8,Lulu-4 Nami-1,NALCS,Support,5
Bless,260.2268271344343,298.2051726286165,1680.9218181818183,10003.57,0.8175450864624763,0.8862729311492721,0.16973318285818242,0.32313261213876776,1.2,3.4,5.0,0.2,Elise-1 Gragas-1 Graves-1 Kha'zix-1 Rek'Sai-1,LCK,Jungle,5
ADD,520.3951123454952,378.8273495277952,2522.1076984126985,15368.6,1.3101763091374965,1.2114327402171914,0.2524790396672006,0.2722044715920487,1.6,1.8,6.6,0.8,Gragas-1 Kennen-1 Nautilus-1 Poppy-1 Rumble-1,LCK,Top,5
Edge,364.89214497486296,344.102918393156,3758.1875,12512.375,1.0226410866605642,1.0412991303078414,0.23793457988874575,0.18023824697433155,1.25,2.0,2.5,0.0,Ekko-1 Taliyah-1 Zilean-2,LCK,Middle,4
Flame,372.3819438436435,348.526982770723,2501.818315018315,8156.566666666666,1.0109236818877518,0.8477853574418759,0.17458180237547624,0.1969809424784494,2.6,2.0,4.4,0.4,Nautilus-3 Rumble-1 Shen-1,NALCS,Top,5
Cinkrof,304.9268720497569,281.55166297036965,4141.2125,8700.983333333334,1.0142019131498845,0.9073771741621016,0.17030903229208189,0.3068661060501435,1.75,3.5,1.75,0.0,Graves-1 Lee Sin-1 Rek'Sai-1 Rengar-1,EULCS,Jungle,4
Adrian,177.93411606299392,216.9020174677457,1285.388888888889,3809.8888888888887,0.7475249964109447,0.7940926892645673,0.1183717312772165,0.1133034728795777,1.0,2.6666666666666665,3.6666666666666665,0.0,Karma-1 Nami-1 Zyra-1,NALCS,Support,3
Dee,419.49943477403605,334.2031793206767,2804.313988095238,5339.333333333333,1.16723177920656,1.0018865300226392,0.2159200953343981,0.1059970424748375,2.25,2.5,3.75,0.0,Jhin-4,LMS,ADC,4
Hauntzer,415.23825160398246,405.45126428307094,1696.1042857142857,11611.133333333333,0.9752837490678343,1.0664049302790624,0.22849391020002238,0.2620914807638683,4.6,2.8,5.4,0.8,Camille-3 Gragas-1 Nautilus-1,NALCS,Top,5
LemonNation,186.0936383396339,248.61442300237746,731.1989898989899,6401.083333333334,0.7187035277991174,0.5995082859276271,0.09026030795982694,0.15111124968860307,0.6,2.6,9.4,0.2,Karma-2 Lulu-2 Nami-1,NALCS,Support,5
Duke,279.362004468881,333.54360104776015,1940.9185185185186,24012.666666666668,0.8095155635447296,1.0,0.20000000000000004,0.20000000000000004,1.3333333333333333,1.0,7.666666666666667,0.6666666666666666,Gragas-2 Rumble-1,LPL,Top,3
Crazy,340.31241541865,326.3058961608475,3204.7033333333334,10014.066666666668,0.9753115223240558,1.0250920894954398,0.21157602695494487,0.208808428867547,1.4,2.4,3.2,0.2,Nautilus-3 Rumble-1 Shen-1,LCK,Top,5
Satorius,411.6391293694253,320.9342029131508,7853.116071428572,13380.0625,1.2124653792758313,1.1113128361840787,0.23554426922610416,0.2503484315623749,1.0,3.0,2.25,0.0,Gragas-2 Nautilus-1 Rumble-1,EULCS,Top,4
zig,326.3241255069529,388.7303112398117,1114.0112637362638,10266.625,0.8078670370806158,0.7855648273551568,0.15973352757154785,0.19475205661013104,3.25,2.0,8.0,1.0,Jayce-1 Kled-1 Nautilus-2,NALCS,Top,4
Kramer,395.33825796638484,350.6984858852003,4892.851111111111,8343.233333333334,1.0765776762874137,1.1660570554684908,0.25734873978313877,0.13745494598475722,1.4,1.8,3.0,0.2,Ashe-2 Ezreal-2 Jhin-1,LCK,ADC,5
Crown,579.6653878439645,408.8530535912202,4403.0163003663,10567.7,1.3590909926737804,1.2321690329385964,0.2756580114631347,0.14724311880006666,2.8,1.4,5.4,0.8,Ryze-1 Syndra-3 Viktor-1,LCK,Middle,5
Doinb,602.1172758236885,354.19438628204165,3235.2666666666664,10248.22222222222,1.638799974795832,1.0,0.20000000000000004,0.20000000000000004,2.0,2.3333333333333335,5.666666666666667,0.3333333333333333,Karma-2 Vladimir-1,LPL,Middle,3
Faker,503.9507522951784,409.30364996622654,3271.2397435897437,10346.35,1.193434983365131,1.1458798054868677,0.25166699227903216,0.20318175834116517,4.0,1.8,4.6,0.8,Talon-3 Vladimir-1 Zilean-1,LCK,Middle,5
Chawy,558.0373346043837,400.6352791634712,1820.8125,12184.5,1.3516764719513348,1.1313865666052947,0.24164898676542912,0.15999198316072571,3.0,1.5,13.0,1.0,Zilean-2,LMS,Middle,2
Kuzan,469.17829413307163,372.45346743087833,2466.759992458522,12602.638888888889,1.1864623919733854,1.0919276115721084,0.24726613254418228,0.2112172904504547,4.666666666666667,2.1666666666666665,4.166666666666667,0.3333333333333333,LeBlanc-1 Lissandra-1 Ryze-1 Vladimir-3,LCK,Middle,6
Stunt,190.14181015666918,283.7340043739357,456.2345669036846,5289.775,0.6324578089236428,0.6131664136699929,0.09273566156775584,0.14984809932257925,0.5,3.25,13.5,1.0,Karma-2 Lulu-1 Nautilus-1,NALCS,Support,4
Looper,509.00172589910983,324.0703492090846,3627.0515873015875,6013.344047619048,1.5184452059402802,1.35815713554314,0.284169396512551,0.2733171651293,2.5,5.25,3.0,0.0,Rumble-2 Shen-1 Swain-1,NALCS,Top,4
HusTlin,238.80603443086352,222.75808760675915,1569.525,8355.25,1.0111876551446783,0.7856530343307107,0.11566493643003968,0.1378935007327327,0.5,2.5,6.5,0.0,Karma-1 Malzahar-1,EULCS,Support,2
NighT,611.7622151072569,372.08413320306914,2265.7333333333336,9649.666666666666,1.5892039886819156,1.2303993842793823,0.29407977545438013,0.2138853114097053,6.5,2.5,4.5,0.0,Ahri-1 Talon-1,EULCS,Middle,2
Doublelift,381.60788997379774,337.6995617719034,3290.4875,5119.2875,1.078077092174646,1.0801559039523168,0.24648712299342038,0.13651267366948383,2.0,3.5,3.25,0.0,Caitlyn-2 Ezreal-1 Jhin-1,NALCS,ADC,4
MMD,494.4617883853922,384.09185558142565,1678.5454545454545,14076.3125,1.2418089850655532,1.1541750417019607,0.23272133876600837,0.22868512313030498,4.25,1.25,7.0,1.0,Nautilus-3 Rumble-1,LMS,Top,4
Jinoo,549.0512503488917,389.9188059767398,6777.904166666667,5899.825,1.3307731785953494,1.0,0.2,0.2,4.25,3.5,1.25,0.5,Ahri-2 Fiora-1 Renekton-1,LPL,Top,4
World6,372.17687626795504,375.34568749367764,1196.758597883598,11981.833333333334,0.9677390339553766,1.0,0.19999999999999998,0.19999999999999998,4.0,3.3333333333333335,8.5,0.6666666666666666,Elise-1 Graves-1 Lee Sin-1 Rengar-3,LPL,Jungle,6
Starlight,601.6467986750413,426.71239222022666,1332.8776223776224,17698.0,1.350512200012814,1.0,0.2,0.2,0.5,0.5,11.5,1.0,Lulu-2,LPL,Support,2
LOD,498.2890926725724,406.32746210693864,1750.7885035226209,6817.466666666667,1.1734324451232359,1.1036327147093452,0.24804806354878034,0.14462394393298758,3.6,2.0,7.2,0.8,Caitlyn-1 Jhin-2 Varus-2,NALCS,ADC,5
Apex,408.87694628779354,331.1459304024304,3462.229166666667,10148.666666666668,1.1817387982610796,1.0759166710169425,0.23097256718604536,0.19006932227698436,1.25,3.0,4.75,0.0,Cassiopeia-1 Talon-1 Zilean-2,LMS,Middle,4
Nuclear,484.9635061767163,341.8614254036738,2682.05,6410.0,1.369111470474194,0.9526592626690055,0.20488398188054902,0.12271518833739037,2.5,2.0,5.5,0.0,Ashe-1 Jhin-1,EULCS,ADC,2
Impact,404.06994838436657,340.7074380742651,2155.469658119658,16429.458333333332,1.1155621970337672,0.9655579109221891,0.19631797213256977,0.2546176442686297,2.1666666666666665,2.1666666666666665,5.833333333333333,0.5,Maokai-2 Nautilus-2 Renekton-1 Rumble-1,NALCS,Top,6
Taizan,356.5483724369428,311.0640585318706,2031.3541666666665,7411.333333333334,1.0798420994921902,0.9203504509662956,0.18657304108994305,0.2906838262266176,3.0,4.75,3.75,0.0,Elise-1 Graves-1 Rengar-2,LMS,Jungle,4
Skye,428.4993330356904,374.2084101502496,2039.7931818181817,16532.044444444444,1.0769809409504199,1.0,0.19999999999999998,0.19999999999999998,1.1666666666666667,2.8333333333333335,8.333333333333334,0.5,Nautilus-2 Renekton-1 Rumble-3,LPL,Top,6
Tabzz,412.7355167416031,334.3262746756218,6020.9944444444445,4105.151785714285,1.156190769954669,1.0033882555617375,0.2218980377180061,0.11618822991765171,1.0,3.5,3.25,0.0,Jhin-1 Kog'Maw-1 Varus-1 Ziggs-1,EULCS,ADC,4
LetMe,628.9433034211271,391.88027419840046,9615.155555555555,7312.0,1.517740504992758,1.0,0.20000000000000004,0.20000000000000004,1.0,2.3333333333333335,2.0,0.3333333333333333,Kled-1 Nautilus-2,LPL,Top,3
Secret,33.63774733637747,196.19482496194823,552.5,2553.25,0.15910727141828654,0.19060137452653542,0.02668373137572143,0.10971103233430014,0.0,4.0,2.0,0.0,Lulu-1,LCK,Support,1
Score,229.7341204238434,341.9658361721549,1698.9953703703704,13061.361111111111,0.6411977794660304,0.611628889297486,0.11894194820346078,0.29594018929019333,3.0,2.6666666666666665,3.6666666666666665,0.5,Gragas-1 Graves-1 Kha'zix-1 Lee Sin-2 Rengar-1,LCK,Jungle,6
Xerxe,228.06766406842692,354.2946787294634,1023.3181818181818,23503.833333333332,0.6250638360455758,0.6000919407370888,0.11778905635373432,0.28349896585804074,2.0,2.0,7.5,1.0,Rengar-2,EULCS,Jungle,2
Fofo,420.5354385373529,404.08036237430775,2679.451388888889,5785.0,0.999330601927841,1.1559217221201623,0.2786528340429261,0.15110812932169826,2.75,1.5,3.25,0.5,Azir-1 Ekko-2 Syndra-1,LMS,Middle,4
Chingz,456.3137755107861,328.086734694296,3975.0,4158.666666666667,1.3141944015869518,1.6826959493792457,0.43482224247948953,0.18355156686773577,3.0,3.0,0.0,0.0,Zed-1,LMS,Middle,1
Chaser,256.14856149179616,333.2839833587924,1058.7256313131315,14135.9,0.7125033477721512,0.688176173047313,0.12946866296070797,0.29791685883133334,3.8,2.2,6.0,0.8,Elise-1 Lee Sin-3 Rengar-1,NALCS,Jungle,5
An,490.2680599489132,435.90719325942814,1355.2164502164503,7945.0,1.0932514770669468,0.9087505985076902,0.21089490852162904,0.11866793272272709,5.0,2.0,11.0,1.0,Ashe-2,LMS,ADC,2
Athena,437.4574881072218,367.7721309896075,1451.812380952381,15415.1,1.1185432286668955,1.0,0.2,0.2,3.4,2.4,7.4,0.6,Ahri-1 Ekko-1 Katarina-1 Orianna-2,LPL,Middle,5
SuKi,202.6237984566251,205.21007971105414,2077.1400000000003,5268.55,0.7775454488366573,0.7303304865930639,0.10929705736447452,0.15146067277776054,0.2,3.0,4.2,0.2,Lulu-2 Thresh-1 Zyra-2,LMS,Support,5
CoreJJ,328.7212914525664,271.3774943402767,1480.571515151515,8819.9,1.0957719055012085,0.9631444236209805,0.1477826986475856,0.11364935901722002,1.4,0.8,7.2,0.8,Karma-1 Lulu-1 Zyra-3,LCK,Support,5
Gear,581.0325818409871,450.0353372668689,2067.6954545454546,3156.375,1.2530488727371418,1.084422220622431,0.2529239057254124,0.13600787645841178,6.0,4.0,4.5,1.0,Syndra-2,LMS,Middle,2
Caveman,627.1584487983453,358.9917265802481,2625.345238095238,8422.583333333332,1.6812360996170317,1.0,0.2,0.2,0.0,3.5,9.5,0.0,Karma-1 Nami-1,LPL,Support,2
Savoki,329.55429492718935,317.3776752126196,4706.5,5513.166666666666,0.9520052503119695,1.0,0.2,0.2,0.0,3.0,2.0,0.0,Karma-1 Nami-1,LPL,Support,2
Max,143.56409527936157,282.97176315028133,682.8614585414585,12403.573333333332,0.49454040045144493,0.4538495160762078,0.07041554251636739,0.17880804171135947,1.4,2.2,7.8,0.8,Elise-1 Malzahar-1 Tahm Kench-2 Thresh-1,LCK,Support,5
Clid,602.1172758236885,354.19438628204165,4645.047619047619,8592.666666666666,1.638799974795832,1.0,0.20000000000000004,0.20000000000000004,1.0,3.0,4.0,0.3333333333333333,Graves-1 Kha'zix-1 Rengar-1,LPL,Jungle,3
957,553.089289017141,390.87760772477924,4964.296103896104,10295.05,1.3808314024873325,1.0,0.2,0.2,2.0,1.2,5.2,0.8,Gragas-4 Rumble-1,LPL,Top,5
Funny,380.6535091218393,342.29966741213923,8794.0,5019.75,1.068846652128827,1.0,0.2,0.2,0.5,3.0,1.0,0.0,Gragas-1 Nautilus-1,LPL,Top,2
Sencux,549.0255483202063,414.568444136287,1319.953947368421,17684.0,1.2511620376963606,1.1405826937729584,0.24578418705921395,0.17697565196369147,6.5,1.0,7.0,1.0,Ahri-1 Vladimir-1,EULCS,Middle,2
Bang,526.6412964725553,429.6565401459308,5301.274545454546,12216.7,1.181136685911731,1.1575470731798354,0.26819388709527087,0.1547489720573695,2.8,0.8,5.8,0.8,Ashe-2 Ezreal-3,LCK,ADC,5
Five,372.17687626795504,375.34568749367764,989.648717948718,12296.533333333333,0.9677390339553766,1.0,0.19999999999999998,0.19999999999999998,1.1666666666666667,4.333333333333333,13.166666666666666,0.6666666666666666,Karma-1 Lulu-3 Malzahar-1 Zyra-1,LPL,Support,6
Djoko,250.3102701660192,329.3183768119078,1127.6623376623377,24968.75,0.7150593801730021,0.705045375087602,0.13138716143668422,0.3031081272916283,3.5,1.5,5.5,1.0,Lee Sin-2,EULCS,Jungle,2
Tempt,421.9603710822386,371.0395832905542,2516.377777777778,8537.0,1.073932459857705,1.1298040849246287,0.2634581598200165,0.16124404385929794,3.4,2.0,2.4,0.2,Ahri-1 Cassiopeia-2 Jayce-1 Talon-1,LCK,Middle,5
LirA,319.2139254468951,355.01807385359234,2027.5918803418801,20189.541666666668,0.8483590734208062,0.8185672464977164,0.16888851876160493,0.34295609241438746,3.6666666666666665,2.6666666666666665,5.333333333333333,0.3333333333333333,Elise-2 Lee Sin-1 Nidalee-1 Rek'Sai-2,NALCS,Jungle,6
Spirit,205.65130388184014,314.6694160986282,1335.9318181818182,15784.05,0.6196796762069965,0.6349103065365196,0.12262069364776021,0.3117145880659868,2.0,3.0,4.0,0.25,Graves-1 Rengar-3,LCK,Jungle,4
Memento,445.44253650534694,309.11860667598046,2052.8538461538465,6251.225,1.3832918593602876,1.065866249679447,0.21285797272759344,0.26811028757129673,1.5,4.5,7.5,0.0,Rumble-2,EULCS,Jungle,2
Kid,279.362004468881,333.54360104776015,1417.6777777777777,15837.555555555555,0.8095155635447296,1.0,0.20000000000000004,0.20000000000000004,1.6666666666666667,2.3333333333333335,7.666666666666667,0.6666666666666666,Graves-1 Rengar-2,LPL,Jungle,3
Ghost,437.49722319274633,361.7194034036254,3124.3900000000003,6006.67,1.1630146265347712,1.255566935414301,0.2848751802403547,0.18264451543501936,1.8,3.6,3.6,0.2,Ashe-2 Ezreal-3,LCK,ADC,5
Xpecial,134.6913238620092,269.86134738168823,460.3523855092276,7464.3,0.47250338404473213,0.45536949373734714,0.06874437138911903,0.10751871556380051,1.4,1.2,10.6,0.8,Lulu-4 Malzahar-1,NALCS,Support,5
Hylissang,194.10658408204205,272.20961686784347,884.5059523809524,9735.75,0.6855382743807971,0.659054415630379,0.1015766553570828,0.13962482589415381,1.0,2.0,8.5,1.0,Bard-1 Zilean-1,EULCS,Support,2
Naehyun,398.53354878917884,336.8501134564434,3715.986111111111,3815.839285714286,1.1337352638707785,1.0318721064755383,0.22833547022910167,0.1882375015814612,2.75,5.0,2.0,0.0,Jayce-1 LeBlanc-1 Syndra-1 Talon-1,EULCS,Middle,4
Darshan,479.74554310852875,384.1015404385993,1794.6809056956117,18139.583333333332,1.1963790087329675,1.0976607746188547,0.22995657093968447,0.24976094390689266,4.25,2.0,6.25,1.0,Nautilus-1 Poppy-1 Rumble-1 Shen-1,NALCS,Top,4
Xiyang,372.17687626795504,375.34568749367764,1339.05085978836,24177.888888888887,0.9677390339553766,1.0,0.19999999999999998,0.19999999999999998,3.5,1.8333333333333333,8.833333333333334,0.6666666666666666,Gragas-3 Maokai-1 Olaf-1 Renekton-1,LPL,Top,6
RooKie,279.362004468881,333.54360104776015,1068.7751322751321,17626.416666666668,0.8095155635447296,1.0,0.20000000000000004,0.20000000000000004,6.666666666666667,2.3333333333333335,5.0,0.6666666666666666,Orianna-1 Viktor-1 Zed-1,LPL,Middle,3
Ocean,627.1584487983453,358.9917265802481,2215.7166666666667,7559.166666666667,1.6812360996170317,1.0,0.2,0.2,1.0,4.0,10.0,0.0,Graves-1 Rengar-1,LPL,Jungle,2
Gorilla,191.4640383592647,260.45977976544407,822.8170163170163,5131.38888888889,0.6811718275117302,0.7682162962844759,0.11513175362089223,0.13969971899839262,0.8333333333333334,2.1666666666666665,6.833333333333333,0.6666666666666666,Karma-2 Nami-1 Tahm Kench-1 Thresh-1 Zyra-1,LCK,Support,6
Swift,428.4993330356904,374.2084101502496,1748.0224206349205,8588.467592592591,1.0769809409504199,1.0,0.19999999999999998,0.19999999999999998,4.333333333333333,4.833333333333333,6.0,0.5,Elise-1 Graves-2 Kha'zix-1 Rengar-2,LPL,Jungle,6
Huni,563.186648669454,397.6049916427485,2998.515873015873,10577.041666666666,1.3393251475029047,1.2543243855729513,0.26965321130545855,0.2447098689287187,2.75,2.5,5.25,0.75,Gangplank-1 Poppy-1 Rumble-2,LCK,Top,4
Totoro,112.59755469432184,221.57086542646334,802.6190476190476,4992.416666666666,0.4673693740853736,0.48565077022302494,0.07035745012650152,0.12417039969936794,0.0,2.4,5.6,0.2,Karma-1 Lulu-3 Malzahar-1,LCK,Support,5
Exileh,570.0310750437889,385.48174731863423,2061.965909090909,6055.833333333334,1.4240519036751365,1.36363182768704,0.2911484544542089,0.15062935095625185,5.5,3.5,6.0,1.0,LeBlanc-1 Viktor-1,EULCS,Middle,2
Keane,702.2130409744929,428.77161174062786,2452.633197586727,8510.4,1.5792487317411734,1.4844566872871647,0.3508141749697184,0.17033170899547712,4.8,2.2,8.4,0.8,Azir-1 Cassiopeia-1 Orianna-2 Viktor-1,NALCS,Middle,5
Ben4,327.99794772867557,328.478623502528,1460.987373737374,9491.833333333334,0.9638972477696163,1.0,0.20000000000000004,0.20000000000000004,3.6666666666666665,4.333333333333333,5.666666666666667,0.3333333333333333,Graves-1 Rengar-2,LPL,Jungle,3
Febiven,516.7515448572902,351.54005858257943,2834.166666666667,7187.333333333334,1.424074113016552,0.9981960587714693,0.2189773826004374,0.16271738660188306,3.0,2.5,5.0,0.0,Ahri-1 Orianna-1,EULCS,Middle,2
Unified,657.0066038060837,402.64471998704926,2742.7665343915346,7638.527777777777,1.5879800060229752,1.3926247756265193,0.31646516691605703,0.15752800344732362,3.6666666666666665,2.3333333333333335,6.666666666666667,0.6666666666666666,Ashe-1 Ezreal-1 Varus-1,LMS,ADC,3
Lourlo,386.49933240111545,349.04353146159275,3458.5625,9753.041666666668,1.0339848338501552,0.957916673879895,0.22007273444454878,0.1882320081906936,1.75,2.5,3.75,0.0,Gangplank-1 Nautilus-1 Rumble-1 Shen-1,NALCS,Top,4
Piglet,452.7107939909898,317.2376602780281,3500.8174242424247,3912.791666666667,1.3345189069207448,1.2601408372719232,0.26512009613135123,0.18516120864391625,2.0,4.75,3.75,0.0,Ahri-1 Cassiopeia-1 Syndra-1 Vladimir-1,NALCS,Middle,4
Pawn,378.98028319644544,360.2949148461812,2558.369444444444,8038.347222222222,1.0082079934279211,0.9907208922661089,0.2051632003270749,0.18118303251272797,1.8333333333333333,3.1666666666666665,3.5,0.5,LeBlanc-1 Orianna-1 Ryze-2 Talon-1 Viktor-1,LCK,Middle,6
Ali,602.1172758236885,354.19438628204165,4162.5,6938.277777777778,1.638799974795832,1.0,0.20000000000000004,0.20000000000000004,0.6666666666666666,3.3333333333333335,5.0,0.3333333333333333,Lulu-2 Tahm Kench-1,LPL,Support,3
Veki,293.27291145417274,295.8743424415943,949.4415584415585,4951.166666666667,0.9383686575241148,0.8062001117502082,0.126152294053753,0.12789548305714857,0.5,2.5,12.0,1.0,Karma-1 Zyra-1,LMS,Support,2
Ming,628.9433034211271,391.88027419840046,8074.711111111111,7312.0,1.517740504992758,1.0,0.20000000000000004,0.20000000000000004,0.0,2.0,5.0,0.3333333333333333,Karma-1 Leona-1 Malzahar-1,LPL,Support,3
Jesiz,182.16832083459192,243.88066504464413,1008.141414141414,12986.0,0.6997558064579295,0.5090761721563525,0.07509584261675786,0.15796227782867814,0.3333333333333333,1.3333333333333333,8.666666666666666,0.3333333333333333,Alistar-1 Karma-2,EULCS,Support,3
Hans Sama,346.49230246903926,346.9337295491958,1918.7301587301588,6478.0,0.9433553139178326,0.959743658975996,0.2041457835725886,0.15328864013114715,2.0,2.0,5.666666666666667,0.3333333333333333,Ashe-1 Kalista-1 Lucian-1,EULCS,ADC,3
Zet,308.767436775509,281.511996522738,1490.3663446054752,11758.416666666666,0.8547194846082546,0.8333333333333334,0.16666666666666666,0.16666666666666666,2.5,2.0,5.666666666666667,0.3333333333333333,Ashe-2 Caitlyn-2 Ezreal-1,LPL,ADC,6
Beyond,338.79344451992415,367.9815480797537,1350.4777389277388,15943.43333333333,0.8815636682749372,0.8258890907650371,0.1665862212630751,0.287753725667773,3.4,2.4,6.6,0.8,Elise-2 Graves-1 Lee Sin-1 Rengar-1,LCK,Jungle,5
HeaQ,548.0043034575037,334.1793675471997,3712.982142857143,6536.916666666667,1.5683429787229808,1.2105114065106721,0.26182306634684843,0.14126630916066288,2.5,2.5,3.0,0.0,Ezreal-1 Jhin-1,EULCS,ADC,2
Maple,634.032238219185,440.7577133440384,2173.374675324675,13169.0,1.4004301212591206,1.241725031785661,0.2850008606924643,0.1649970958431431,6.25,1.0,4.5,1.0,Ryze-1 Syndra-3,LMS,Middle,4
Chei,235.71976493949816,225.7975991969362,2476.0166666666664,6678.9,0.9849522045833767,0.6695778899749378,0.09638156120513397,0.13698825542370924,0.0,3.0,6.5,0.0,Karma-1 Malzahar-1,EULCS,Support,2
